Object,Close-Approach (CA) Date (TDB)YYYY-mmm-DD HH:MM ± D_HH:MM,CA DistanceNominal(LD/AU),CA DistanceMinimum(LD/AU),Vrelative(km/s),Vinfinity(km/s),Nsigma,H(mag),ref,class
(2015 FA285),2015-Mar-31 22:19 ±,6.4/0.0164,6.3/0.0161,11.20,11.19,139,26.5,1,ATE*
(2015 FW117),2015-Apr-01 15:54 ±,3.6/0.0092,3.6/0.0092,18.74,18.73,1.49e+03,22.8,5,ATE*
(2015 FW284),2015-Apr-01 20:54 ±,11.5/0.0296,11.4/0.0293,14.85,14.84,216,24.7,1,ATE*
(2015 CW13),2015-Apr-03 15:58 ±,13.5/0.0348,13.5/0.0347,5.75,5.74,4.02e+03,23.0,17,APO*
(2015 FK120),2015-Apr-05 13:57 ±,5.8/0.0149,5.8/0.0149,4.84,4.80,578,27.2,2,APO*
(2015 FN33),2015-Apr-06 21:03 ±   00:03,9.8/0.0252,9.7/0.0248,5.17,5.15,105,26.2,2,APO*
(2005 KA),2015-Apr-12 11:41 ±   16:52,13.0/0.0335,9.3/0.0238,4.62,4.60,1.43e+05,24.7,11,ATE*
(2012 XB112),2015-Jun-11 21:11 ±   00:04,10.1/0.0259,10.0/0.0257,4.90,4.88,3.48e+04,29.9,16,APO*
293726 (2007 RQ17),2015-Jun-12 15:57 ±,18.4/0.0472,18.4/0.0472,7.13,7.12,4.72e+05,22.6,33,APO*
(2010 LN14),2015-Jun-21 19:08 ±,18.8/0.0483,18.8/0.0483,15.86,15.86,3.53e+05,21.1,31,APO*
(2007 WU3),2015-Jun-25 07:22 ±   03:32,16.8/0.0432,16.4/0.0420,6.23,6.22,222,23.4,6,APO*
(2010 NY65),2015-Jun-25 21:30 ±,17.1/0.0440,17.1/0.0440,13.48,13.48,7.65e+05,21.4,25,ATE*
(2005 VN5),2015-Jul-07 16:43 ±   00:13,12.6/0.0323,12.1/0.0311,6.83,6.82,1.77e+04,27.0,8,ATE*
(2011 UW158),2015-Jul-19 14:37 ±,6.4/0.0164,6.4/0.0164,6.04,6.01,4.63e+04,19.4,37,APO*
(2013 BQ18),2015-Jul-20 04:57 ±   10:40,7.9/0.0202,3.4/0.0088,14.09,14.08,1.32e+03,25.3,3,APO*
85989 (1999 JD6),2015-Jul-25 04:55 ±,18.8/0.0484,18.8/0.0484,20.32,20.32,9.58e+05,17.1,221,ATE*
(2009 DB1),2015-Aug-10 11:13 ±   17:42,18.1/0.0466,16.4/0.0421,12.44,12.44,2.02e+04,22.9,9,APO*
281375 (2008 JV19),2015-Sep-01 12:15 ±,17.4/0.0447,17.4/0.0447,7.24,7.23,6.14e+05,20.7,77,ATE*
(2014 KS76),2015-Sep-14 22:16 ±   00:02,8.7/0.0222,8.5/0.0218,7.59,7.58,1.92e+04,26.5,9,ATE*
(2012 CL19),2015-Oct-03 23:17 ±,17.4/0.0447,17.4/0.0447,9.50,9.50,1.91e+05,21.9,19,APO*
(2009 TK),2015-Oct-05 11:50 ±,17.6/0.0451,17.5/0.0451,11.06,11.05,2.55e+05,22.3,20,AMO*
(2010 SX11),2015-Oct-09 06:53 ±   14:55,15.4/0.0397,10.0/0.0257,7.73,7.72,1.44e+05,24.8,11,APO*
(2014 UR),2015-Oct-18 09:03 ±,3.8/0.0098,3.8/0.0098,4.40,4.34,9.75e+05,26.6,13,ATE*
(2011 SE97),2015-Oct-18 14:20 ±   00:49,12.0/0.0309,11.8/0.0302,12.87,12.87,2.61e+05,24.7,24,APO*
410777 (2009 FD),2015-Oct-29 10:15 ±,16.3/0.0419,16.3/0.0419,16.92,16.92,5.75e+05,22.1,61,APO*
413577 (2005 UL5),2015-Nov-20 04:14 ±,5.9/0.0153,5.9/0.0153,18.99,18.98,6.55e+04,20.2,35,ATE*
(2009 WB105),2015-Nov-25 16:59 ±   03:04,15.0/0.0385,14.9/0.0383,18.88,18.88,1.86e+04,23.3,8,ATE*
33342 (1998 WT24),2015-Dec-11 13:16 ±,10.9/0.0280,10.9/0.0280,8.51,8.50,1.77e+06,17.9,103,ATE*
(1995 YR1),2015-Dec-23 18:45 ±,16.9/0.0435,16.9/0.0435,30.45,30.45,3.74e+04,20.2,13,APO*
(2011 YD29),2015-Dec-24 05:20 ±   23:21,9.7/0.0249,7.0/0.0180,7.04,7.02,1.79e+04,26.3,4,ATE*
(2011 YE40),2015-Dec-31 12:13 ±   19:19,15.8/0.0407,8.4/0.0216,12.73,12.72,2.66e+04,25.2,4,APO*
85990 (1999 JV6),2016-Jan-06 01:09 ±,12.6/0.0324,12.6/0.0324,9.62,9.61,1.63e+06,20.0,169,APO*
(2001 BB16),2016-Jan-06 09:17 ±   16:12,17.7/0.0454,5.1/0.0131,5.08,5.07,2.58e+04,23.2,12,ATE*
(2013 VA10),2016-Feb-07 18:52 ±   18:43,8.5/0.0218,3.7/0.0096,25.85,25.84,5.5e+03,22.1,9,APO*
(2014 QD364),2016-Feb-07 19:38 ±   00:20,14.0/0.0361,14.0/0.0360,2.55,2.52,9.14e+03,27.2,7,ATE*
(2014 EK24),2016-Feb-14 11:23 ±,13.8/0.0356,13.8/0.0356,3.15,3.13,3.19e+05,23.2,51,APO*
(2010 WD1),2016-Feb-22 18:02 ± 2_18:48,12.3/0.0316,12.1/0.0310,7.17,7.16,103,26.5,7,ATE*
(2008 DL5),2016-Feb-27 17:00 ±,17.9/0.0459,17.9/0.0459,17.50,17.50,2.38e+05,21.8,15,APO*
(2011 EH17),2016-Mar-01 19:11 ±   03:07,11.1/0.0284,2.8/0.0072,16.71,16.71,1.87e+03,24.6,5,ATE*
(2013 TX68),2016-Mar-05 18:15 ± 2_13:39,1.3/0.0034,0.06/0.00016,14.44,14.39,41.8,25.3,5,APO*
(2010 FX9),2016-Mar-19 01:12 ±   14:52,6.9/0.0176,5.4/0.0140,11.06,11.05,6.82e+04,24.2,15,APO*
252P/LINEAR,2016-Mar-21 12:41 ±   00:13,13.9/0.0357,13.9/0.0356,10.56,10.55,9.48e+03,n/a,25,JFc*
(1994 UG),2016-Mar-25 07:30 ±,17.3/0.0444,17.3/0.0444,7.38,7.37,7.52e+04,21.0,28,APO*

(2014 LY21),2014-Jun-03 22:27 ± 1_18:48,0.04/0.00011,0.02/0.00006,11.25,8.87,5.48,29.1,7,ATE*
(2015 DD1),2015-Feb-17 07:38 ±,0.1/0.0003,0.1/0.0003,8.20,6.85,3.99e+03,30.3,4,APO*
(2014 RC),2014-Sep-07 18:02 ±,0.1/0.0003,0.1/0.0003,10.95,10.00,9.06e+04,26.8,22,APO*
(2014 RA),2014-Aug-31 23:48 ±,0.1/0.0004,0.1/0.0004,13.25,12.71,822,28.9,6,APO*
(2014 SG1),2014-Sep-20 14:48 ±,0.2/0.0005,0.2/0.0005,13.88,13.51,1.9e+03,29.1,2,APO*
(2014 KC45),2014-May-28 08:10 ±,0.2/0.0006,0.2/0.0006,9.42,8.92,7.58e+03,29.3,4,APO*
(2014 TL),2014-Oct-01 15:59 ±,0.3/0.0007,0.3/0.0007,11.13,10.75,4.07e+03,27.8,9,APO*
(2014 JG55),2014-May-10 20:18 ±,0.3/0.0007,0.3/0.0007,10.47,10.08,1.86e+03,29.2,3,APO*
(2014 JR24),2014-May-07 10:45 ±,0.3/0.0007,0.3/0.0007,4.63,3.74,1.75e+04,29.3,6,APO*
(2015 EO6),2015-Mar-12 00:31 ±,0.3/0.0007,0.3/0.0007,23.81,23.66,370,29.9,2,APO*
(2014 GC49),2014-Apr-03 02:59 ±   00:02,0.3/0.0008,0.3/0.0008,17.08,16.87,535,28.6,3,ATE*
(2015 ET),2015-Mar-10 16:42 ±,0.3/0.0008,0.3/0.0008,12.38,12.12,5.05e+03,26.7,9,APO*
(2015 AQ43),2015-Jan-14 13:20 ±,0.4/0.0011,0.4/0.0011,12.51,12.30,1.35e+03,28.1,6,APO*
(2015 BE511),2015-Jan-20 13:06 ±,0.4/0.0011,0.4/0.0011,9.46,9.20,631,28.6,3,APO*
(2014 UF56),2014-Oct-27 21:22 ±,0.4/0.0011,0.4/0.0011,12.07,11.87,1.81e+03,27.4,6,APO*
(2014 OP2),2014-Jul-24 08:35 ±,0.5/0.0013,0.5/0.0013,11.67,11.50,1.81e+03,29.1,6,APO*
(2014 LN17),2014-Jun-03 12:56 ±   00:02,0.6/0.0014,0.5/0.0014,24.68,24.61,167,27.0,3,APO*
(2014 WE6),2014-Nov-13 18:06 ±,0.6/0.0015,0.6/0.0015,4.79,4.39,842,30.4,4,ATE*
(2015 BP513),2015-Jan-18 17:09 ±,0.6/0.0016,0.6/0.0016,7.75,7.54,674,26.7,3,APO*
(2014 MH6),2014-Jun-22 14:05 ±,0.6/0.0017,0.6/0.0016,16.21,16.11,779,27.1,3,APO*
(2014 UU56),2014-Oct-19 11:03 ±   00:03,0.7/0.0017,0.7/0.0017,8.39,8.21,647,28.3,5,APO*
(2014 OM207),2014-Jul-25 06:39 ±,0.7/0.0018,0.7/0.0018,8.44,8.26,653,29.1,3,APO*
(2015 CH13),2015-Feb-11 06:17 ±,0.7/0.0019,0.7/0.0019,15.30,15.21,485,28.5,2,APO*
(2014 HL129),2014-May-03 08:14 ±,0.8/0.0020,0.8/0.0019,6.37,6.15,853,28.3,6,APO*
(2014 WJ6),2014-Nov-15 16:12 ±,0.9/0.0022,0.9/0.0022,14.64,14.56,681,27.1,3,APO*
(2014 KW76),2014-May-26 23:29 ±,0.9/0.0023,0.9/0.0023,15.13,15.05,717,27.9,7,APO*
(2014 YR14),2014-Dec-26 09:52 ±,0.9/0.0023,0.9/0.0023,15.14,15.06,2.44e+04,26.1,12,APO*
(2015 FM118),2015-Mar-28 02:49 ±,0.9/0.0024,0.9/0.0024,8.83,8.70,2.64e+03,28.7,2,APO*
(2014 WX202),2014-Dec-07 20:09 ±,1.0/0.0025,1.0/0.0025,1.67,0.81,7.43e+04,29.6,8,APO*
(2014 YW14),2014-Dec-28 14:35 ±,1.1/0.0028,1.1/0.0028,8.53,8.42,1.88e+03,27.6,3,ATE*
(2014 HX164),2014-May-06 00:46 ±,1.1/0.0029,1.1/0.0029,7.92,7.80,1.11e+03,27.2,9,APO*
(2014 SN142),2014-Sep-23 05:27 ±,1.1/0.0029,1.1/0.0029,13.30,13.23,4.35e+03,28.2,2,APO*
(2014 KH39),2014-Jun-03 20:07 ±,1.1/0.0029,1.1/0.0029,11.06,10.98,6.11e+04,26.2,21,APO*
(2014 WU200),2014-Dec-10 16:31 ±,1.2/0.0030,1.2/0.0030,2.17,1.72,1.87e+04,29.1,13,APO*
(2014 JU15),2014-Apr-28 21:50 ±,1.2/0.0030,1.2/0.0030,10.37,10.28,1.21e+03,24.8,8,ATE*
(2014 HJ196),2014-Apr-29 19:32 ±   04:39,1.2/0.0031,1.1/0.0027,13.97,13.91,18.9,29.2,2,APO*
(2014 QP434),2014-Aug-27 03:36 ±   00:05,1.2/0.0031,1.2/0.0031,9.64,9.55,218,27.8,2,APO*
(2014 GM35),2014-Apr-06 07:23 ±,1.2/0.0031,1.2/0.0031,23.49,23.45,523,26.8,3,APO*
(2015 DB),2015-Feb-18 19:27 ±,1.3/0.0033,1.3/0.0033,8.85,8.76,5.05e+03,27.8,4,APO*
(2014 HJ197),2014-Apr-14 02:53 ± 1_18:03,1.3/0.0033,1.0/0.0025,4.75,4.58,13.8,30.2,2,APO*
(2014 HB177),2014-May-06 07:29 ±,1.3/0.0033,1.3/0.0033,6.31,6.18,2.44e+03,28.1,8,APO*
(2015 BZ3),2015-Jan-15 10:58 ±,1.3/0.0034,1.3/0.0034,7.71,7.61,1.74e+03,27.6,6,APO*
(2014 HV2),2014-Apr-29 08:29 ±,1.4/0.0035,1.4/0.0035,13.01,12.95,749,25.9,7,APO*
(2014 WR362),2014-Nov-22 17:12 ±,1.4/0.0036,1.4/0.0036,12.40,12.34,1.97e+03,27.3,2,APO*
(2015 FU284),2015-Mar-16 22:02 ±,1.4/0.0036,1.4/0.0036,19.79,19.76,1.98e+03,28.3,1,APO*
(2015 BY3),2015-Jan-12 01:15 ±   00:01,1.4/0.0037,1.4/0.0037,16.51,16.46,541,27.5,3,APO*
(2014 WC201),2014-Dec-02 04:50 ±,1.4/0.0037,1.4/0.0037,11.41,11.35,1.28e+03,26.1,9,APO*
(2015 EX),2015-Mar-08 16:16 ±,1.4/0.0037,1.4/0.0037,10.62,10.55,1.72e+03,25.8,4,APO*
(2015 BM4),2015-Jan-15 03:42 ±,1.4/0.0037,1.4/0.0037,8.35,8.27,2.54e+03,23.7,10,APO*
(2014 SC324),2014-Oct-24 19:21 ±,1.5/0.0038,1.5/0.0038,9.89,9.82,4.27e+06,24.3,54,APO*
(2014 YS15),2014-Dec-10 21:05 ±,1.6/0.0041,1.6/0.0041,9.86,9.79,2.14e+04,23.5,11,APO*
(2014 KF46),2014-May-29 00:24 ±,1.6/0.0041,1.6/0.0041,17.07,17.04,1.38e+03,26.5,3,APO*
(2014 YL42),2014-Dec-27 14:21 ±,1.6/0.0041,1.6/0.0041,19.04,19.01,2.73e+03,24.6,8,APO*
(2014 YD15),2014-Dec-31 09:44 ±,1.6/0.0041,1.6/0.0041,7.98,7.89,1.34e+03,26.8,3,APO*
(2015 BC),2015-Jan-20 03:50 ±,1.6/0.0042,1.6/0.0042,19.74,19.71,1.69e+03,24.0,6,APO*
(2014 HM4),2014-Apr-25 13:59 ±,1.6/0.0042,1.6/0.0042,16.96,16.93,1.33e+04,26.9,11,APO*
(2015 BP509),2015-Jan-19 12:13 ±,1.7/0.0043,1.7/0.0043,15.53,15.49,729,27.8,2,APO*
(2014 HD198),2014-Apr-30 19:57 ±   09:21,1.8/0.0046,1.1/0.0030,17.01,16.97,8.39,29.7,2,APO*
(2015 BP),2015-Jan-20 04:17 ±,1.8/0.0047,1.8/0.0046,12.68,12.64,297,28.1,3,APO*
(2014 GS1),2014-Apr-02 18:01 ±,1.8/0.0047,1.8/0.0047,11.79,11.74,1.1e+03,26.7,3,ATE*
(2015 CT13),2015-Feb-11 09:26 ±,1.8/0.0047,1.8/0.0047,6.49,6.41,4.21e+03,25.9,8,APO*
(2014 SR261),2014-Sep-18 17:56 ±   00:02,1.9/0.0048,1.8/0.0047,15.46,15.42,404,26.7,8,APO*
(2014 WA),2014-Nov-17 10:27 ±,1.9/0.0049,1.9/0.0049,9.40,9.34,2.96e+03,28.2,3,APO*
(2013 RZ53),2014-Sep-09 04:04 ±   00:20,1.9/0.0049,1.9/0.0048,1.56,1.15,1.57e+04,31.1,6,APO*
(2015 EZ6),2015-Mar-13 13:55 ±,1.9/0.0049,1.9/0.0049,3.42,3.26,1.1e+03,28.6,2,APO*
(2014 GQ17),2014-Apr-03 23:19 ±,1.9/0.0050,1.9/0.0050,5.37,5.27,2.11e+03,27.1,14,ATE*
(2014 SF304),2014-Oct-05 02:10 ±,1.9/0.0050,1.9/0.0050,6.84,6.76,1.96e+03,27.3,8,APO*
(2014 ST223),2014-Sep-21 02:40 ±,1.9/0.0050,1.9/0.0050,6.28,6.19,957,27.6,11,APO*
(2009 RR),2014-Sep-16 10:03 ± 2_03:14,2.0/0.0050,1.0/0.0025,12.88,12.84,1.84e+04,25.5,9,APO*
(2014 HY198),2014-May-05 10:21 ±   05:33,2.0/0.0052,1.9/0.0048,6.41,6.33,33.7,29.7,2,APO*
(2014 SB224),2014-Sep-22 13:46 ±,2.0/0.0052,2.0/0.0052,12.21,12.17,878,26.3,3,APO*
(2015 CL13),2015-Feb-15 22:52 ±,2.0/0.0052,2.0/0.0052,13.59,13.55,1.62e+03,25.7,3,APO*
(2014 SU223),2014-Sep-26 10:23 ±,2.0/0.0052,2.0/0.0052,12.81,12.77,726,27.0,4,APO*
(2014 HW),2014-Apr-27 03:58 ±,2.1/0.0053,2.1/0.0053,4.40,4.28,1.08e+03,28.4,9,APO*
(2015 CD1),2015-Feb-07 15:28 ±,2.1/0.0054,2.1/0.0054,5.41,5.31,1.44e+03,28.2,3,APO*
(2014 HU46),2014-Apr-12 02:22 ±   00:41,2.1/0.0055,2.1/0.0053,9.65,9.60,56,27.8,8,APO*
(2014 HO132),2014-May-05 08:10 ±,2.1/0.0055,2.1/0.0055,9.05,9.00,2.67e+03,25.7,11,APO*
(2015 DY198),2015-Mar-01 11:24 ±,2.2/0.0056,2.2/0.0056,16.22,16.20,736,26.6,3,APO*
(2014 KO62),2014-May-23 02:06 ±,2.2/0.0057,2.2/0.0057,4.27,4.16,1.4e+03,26.2,11,APO*
(2014 JR25),2014-May-05 10:23 ±,2.2/0.0058,2.2/0.0057,15.34,15.31,1.66e+03,23.4,10,APO*
(2014 SH224),2014-Sep-29 16:45 ±,2.3/0.0058,2.2/0.0058,10.87,10.83,1.25e+03,26.1,5,APO*
(2015 CP),2015-Feb-03 12:32 ±   00:03,2.3/0.0058,2.2/0.0057,24.94,24.93,330,26.4,4,APO*
(2014 OX3),2014-Jul-21 19:42 ±,2.3/0.0058,2.2/0.0058,12.70,12.66,390,27.8,5,APO*
(2015 FQ35),2015-Mar-17 02:30 ±   00:04,2.3/0.0058,2.2/0.0058,9.44,9.39,514,25.6,2,APO*
(2014 KS76),2014-May-18 05:32 ±,2.3/0.0059,2.3/0.0059,7.42,7.36,1.56e+03,26.5,9,ATE*
(2014 GN1),2014-Apr-06 10:25 ±,2.4/0.0063,2.4/0.0063,20.71,20.69,1.43e+03,24.6,6,APO*
(2014 QC391),2014-Sep-04 21:11 ±,2.4/0.0063,2.4/0.0062,7.83,7.78,390,27.4,4,APO*
(2015 EF),2015-Mar-13 22:07 ±   00:05,2.5/0.0063,2.4/0.0063,14.61,14.58,367,26.8,1,APO*
(2014 UL175),2014-Oct-24 10:25 ±   00:12,2.5/0.0065,2.5/0.0064,11.92,11.88,178,26.5,2,APO*
(2014 UG8),2014-Oct-18 06:59 ±,2.6/0.0066,2.6/0.0066,10.48,10.44,456,26.8,4,APO*
(2014 WF6),2014-Nov-11 10:24 ±,2.6/0.0067,2.6/0.0067,18.87,18.85,1.62e+04,24.4,10,APO*
(2014 QJ365),2014-Aug-25 22:41 ±   00:03,2.6/0.0067,2.5/0.0065,12.21,12.18,80.3,27.5,2,APO*
(2013 AG69),2014-Jul-08 22:34 ± 1_23:41,2.7/0.0068,2.6/0.0067,17.38,17.36,4.9e+03,27.3,4,APO*
(2014 KF22),2014-May-28 14:27 ±,2.7/0.0069,2.7/0.0069,10.69,10.66,9.86e+03,26.4,7,APO*
(2015 EG7),2015-Mar-20 21:27 ±,2.7/0.0070,2.7/0.0070,13.14,13.11,4.51e+03,27.4,5,APO*
(2015 EO),2015-Mar-15 14:09 ±,2.8/0.0071,2.7/0.0070,14.19,14.17,455,26.6,4,APO*
(2014 SS260),2014-Sep-28 19:48 ±   00:01,2.8/0.0072,2.8/0.0071,13.43,13.40,401,26.6,4,APO*
(2015 FT117),2015-Mar-28 18:18 ±,2.8/0.0072,2.8/0.0071,10.53,10.50,261,28.5,1,APO*
(2014 KX86),2014-May-28 03:15 ±,2.9/0.0074,2.9/0.0074,7.53,7.49,789,26.5,6,APO*
(2015 FC),2015-Mar-26 21:47 ±,2.9/0.0074,2.9/0.0074,7.44,7.39,1.07e+03,26.7,7,APO*
(2014 HS197),2014-Apr-20 15:22 ±   00:34,2.9/0.0074,2.7/0.0070,17.22,17.20,47.4,29.4,3,APO*
(2014 UR),2014-Oct-18 11:49 ±,2.9/0.0075,2.9/0.0075,4.44,4.36,1.39e+06,26.6,13,ATE*
(2014 YE15),2014-Dec-30 09:52 ±,2.9/0.0075,2.9/0.0075,4.75,4.68,1.83e+05,28.3,6,ATE*
(2014 RJ11),2014-Sep-08 21:55 ±,3.0/0.0076,3.0/0.0076,7.43,7.38,497,27.3,5,APO*
(2014 FK38),2014-Mar-31 08:04 ±,3.0/0.0077,3.0/0.0076,6.38,6.33,918,25.2,3,ATE*
(2014 KQ75),2014-Jun-01 05:02 ±,3.0/0.0077,3.0/0.0077,19.25,19.23,1.38e+03,25.3,9,APO*
(2014 WR7),2014-Nov-21 12:03 ±,3.0/0.0077,3.0/0.0077,8.34,8.30,842,26.2,4,APO*
(2015 DO215),2015-Mar-02 17:35 ±,3.1/0.0079,3.1/0.0079,5.30,5.23,593,26.7,2,APO*
(2014 UD192),2014-Nov-09 03:08 ±,3.1/0.0079,3.1/0.0079,14.05,14.02,627,25.9,5,APO*
(2015 DS53),2015-Mar-02 20:26 ±,3.1/0.0080,3.1/0.0080,14.32,14.29,969,24.1,9,APO*
357439 (2004 BL86),2015-Jan-26 16:20 ±,3.1/0.0080,3.1/0.0080,15.67,15.65,3.49e+07,19.3,85,APO*
(2015 EK),2015-Mar-13 03:59 ±,3.1/0.0081,3.1/0.0080,8.89,8.85,795,26.3,3,APO*
(2014 WO365),2014-Dec-01 01:39 ±,3.2/0.0082,3.2/0.0082,10.90,10.87,1.27e+03,26.1,2,APO*
(2014 XO7),2014-Dec-06 20:27 ±   00:02,3.2/0.0083,3.2/0.0082,11.92,11.89,373,26.8,3,APO*
(2015 BE92),2015-Jan-29 01:25 ±,3.2/0.0083,3.2/0.0083,6.05,6.00,1.53e+03,28.0,9,ATE*
(2014 HQ124),2014-Jun-08 05:56 ±,3.3/0.0084,3.3/0.0084,14.05,14.03,4.24e+06,18.9,43,ATE*
(2014 HO2),2014-Apr-11 01:54 ±   00:02,3.3/0.0084,3.2/0.0083,7.31,7.27,366,26.0,6,APO*
(2014 KO4),2014-May-18 16:20 ±,3.3/0.0085,3.3/0.0084,16.32,16.30,266,27.3,3,APO*
(2014 HJ198),2014-Apr-20 18:08 ±   07:23,3.3/0.0085,2.3/0.0060,21.38,21.36,9.19,26.8,2,APO*
(2014 SS223),2014-Sep-21 14:02 ±,3.3/0.0086,3.3/0.0085,14.50,14.47,1.04e+03,26.1,3,APO*
(2015 CS),2015-Feb-15 11:21 ±,3.4/0.0086,3.4/0.0086,8.52,8.48,2.65e+03,26.5,9,APO*
(2015 EQ),2015-Mar-12 11:06 ±,3.4/0.0087,3.4/0.0087,10.07,10.04,2.59e+03,26.2,6,ATE*
(2014 MA18),2014-Jun-18 06:12 ±,3.4/0.0088,3.4/0.0088,8.35,8.31,668,25.5,4,ATE*
(2014 LJ),2014-May-24 05:02 ±,3.4/0.0088,3.4/0.0088,3.90,3.82,546,28.5,8,APO*
(2015 FF36),2015-Mar-28 06:16 ±,3.5/0.0091,3.5/0.0091,8.81,8.78,1.88e+03,26.5,3,APO*
(2014 SS143),2014-Sep-29 07:41 ±,3.6/0.0093,3.6/0.0093,11.70,11.67,807,27.0,6,APO*
(2014 UX57),2014-Nov-06 20:39 ±,3.6/0.0093,3.6/0.0093,8.37,8.33,432,26.4,7,APO*
(2015 FK),2015-Mar-19 06:53 ±,3.6/0.0094,3.6/0.0094,7.02,6.98,3.97e+03,25.3,3,APO*
(2014 HU2),2014-Apr-25 02:02 ±,3.7/0.0095,3.7/0.0095,17.29,17.27,670,26.5,3,APO*
(2015 DF200),2015-Feb-23 06:21 ±   00:02,3.7/0.0095,3.7/0.0094,16.48,16.46,209,26.1,2,APO*
(2014 SD145),2014-Sep-21 14:23 ±,3.7/0.0096,3.7/0.0095,4.93,4.87,1.72e+03,26.9,5,APO*
(2014 RT17),2014-Sep-07 16:45 ±,3.7/0.0096,3.7/0.0095,20.01,20.00,181,24.5,5,APO*
(2014 HP2),2014-Apr-24 06:34 ±,3.8/0.0098,3.8/0.0097,6.29,6.24,459,27.3,5,APO*
(2014 YT15),2014-Dec-29 09:55 ±,3.8/0.0098,3.8/0.0098,6.40,6.35,1.68e+03,27.2,3,APO*
(2014 OF300),2014-Aug-07 09:43 ±,3.8/0.0098,3.8/0.0098,15.55,15.54,447,26.3,7,APO*
(2014 SE145),2014-Sep-22 14:12 ±,3.8/0.0099,3.8/0.0099,8.81,8.78,1.81e+03,27.2,4,APO*
(2014 YB9),2014-Dec-15 07:41 ±   00:04,3.9/0.0099,3.8/0.0098,6.40,6.36,175,27.5,2,APO*
(2014 SZ144),2014-Sep-29 21:09 ±,3.9/0.0100,3.9/0.0100,13.15,13.13,1.07e+03,25.3,9,APO*
(2014 GG49),2014-Apr-19 11:44 ±,3.9/0.0101,3.9/0.0100,11.42,11.39,579,25.7,14,APO*
(2014 UD176),2014-Oct-22 02:41 ±,3.9/0.0101,3.9/0.0101,13.93,13.92,6.2e+03,24.8,10,APO*
(2014 GB49),2014-Apr-05 16:24 ±,3.9/0.0101,3.9/0.0101,13.06,13.04,1.22e+03,25.8,3,APO*
(2015 BA513),2015-Jan-18 21:32 ±   00:10,3.9/0.0101,3.8/0.0099,21.51,21.50,203,25.8,2,APO*
(2014 WO4),2014-Nov-20 21:36 ±,3.9/0.0101,3.9/0.0101,19.99,19.98,823,24.4,5,APO*
(2014 HH4),2014-Apr-17 07:44 ±   00:01,4.0/0.0104,4.0/0.0103,21.63,21.62,350,24.1,6,APO*
(2014 XC8),2014-Dec-11 17:48 ±,4.1/0.0106,4.1/0.0106,12.22,12.20,570,26.3,8,APO*
(2014 MA68),2014-Jun-13 07:55 ± 1_10:50,4.1/0.0106,3.8/0.0098,5.89,5.85,31.1,25.9,2,APO*
(2015 FF),2015-Mar-20 20:28 ±,4.2/0.0107,4.1/0.0106,9.78,9.75,1.06e+03,26.7,3,APO*
(2014 UD57),2014-Oct-23 02:51 ±,4.2/0.0107,4.2/0.0107,9.05,9.02,2.57e+03,25.8,12,APO*
(2014 YC42),2014-Dec-30 07:42 ±,4.2/0.0107,4.2/0.0107,18.86,18.85,1.55e+03,24.8,2,APO*
(2014 WC366),2014-Dec-09 14:33 ±   00:14,4.2/0.0108,4.2/0.0107,14.76,14.74,332,25.5,3,APO*
(2014 JX79),2014-Apr-27 14:41 ±   10:39,4.2/0.0109,3.5/0.0089,8.67,8.64,13.3,28.5,3,APO*
(2014 US7),2014-Oct-17 13:46 ±,4.2/0.0109,4.2/0.0108,8.61,8.58,774,26.4,6,ATE*
(2015 AO43),2015-Jan-13 03:39 ±,4.3/0.0110,4.3/0.0110,10.43,10.40,1.7e+03,26.4,4,APO*
(2014 OY391),2014-Jul-15 08:54 ±   12:33,4.3/0.0110,3.6/0.0092,13.88,13.86,38.9,26.0,2,APO*
(2014 YE42),2015-Jan-03 15:00 ±,4.3/0.0110,4.3/0.0110,13.99,13.98,1.22e+03,23.4,9,APO*
(2014 UZ175),2014-Oct-23 07:46 ±,4.3/0.0110,4.3/0.0110,6.58,6.54,465,27.9,3,APO*
(2015 CL),2015-Feb-08 22:39 ±,4.3/0.0111,4.3/0.0111,14.51,14.49,1.76e+03,25.4,3,ATE*
(2014 JW55),2014-May-13 17:04 ±,4.3/0.0111,4.3/0.0110,15.52,15.50,259,26.4,3,APO*
(2015 EG),2015-Mar-05 03:21 ±,4.4/0.0112,4.3/0.0112,9.24,9.21,1.02e+03,25.8,3,ATE*
(2014 SB145),2014-Oct-06 02:41 ±,4.4/0.0113,4.4/0.0112,7.01,6.98,447,26.3,8,APO*
(2014 MT41),2014-Jun-21 17:21 ±   00:01,4.4/0.0113,4.4/0.0112,6.90,6.87,301,26.5,3,AMO*
(2014 WY119),2014-Nov-26 12:47 ±,4.4/0.0113,4.4/0.0113,4.74,4.69,1.23e+03,26.3,4,APO*
(2014 WS7),2014-Nov-21 19:51 ±,4.4/0.0113,4.4/0.0113,8.11,8.08,746,27.3,2,APO*
(2015 BD511),2015-Jan-30 00:48 ±,4.5/0.0115,4.4/0.0114,19.22,19.21,616,26.9,4,APO*
(2014 TV),2014-Oct-18 11:42 ±,4.5/0.0115,4.5/0.0115,12.19,12.17,8.85e+03,24.4,14,APO*
(2014 TM),2014-Oct-05 15:44 ±,4.5/0.0115,4.5/0.0115,6.76,6.72,498,26.2,5,APO*
(2014 YA9),2014-Dec-16 00:17 ±,4.5/0.0116,4.5/0.0116,9.42,9.39,2.75e+03,24.5,9,APO*
(2014 MB6),2014-Jun-16 02:12 ±,4.6/0.0119,4.6/0.0118,9.89,9.87,956,26.2,4,APO*
(2015 AF44),2015-Jan-12 03:50 ±,4.6/0.0119,4.6/0.0119,11.45,11.43,965,25.4,6,APO*
(2014 HH196),2014-May-04 17:14 ±   20:57,4.7/0.0120,2.7/0.0070,16.19,16.18,6.63,28.2,4,APO*
(2014 QO295),2014-Aug-31 15:47 ±   00:02,4.7/0.0122,4.7/0.0120,10.03,10.00,119,26.8,2,APO*
(2015 AK45),2015-Jan-26 21:12 ±,4.7/0.0122,4.7/0.0122,8.60,8.57,2.15e+04,26.4,11,APO*
(2014 UJ115),2014-Oct-21 06:10 ±   00:02,4.8/0.0122,4.7/0.0121,12.37,12.35,213,26.5,2,APO*
(2014 UA176),2014-Nov-06 12:10 ±,4.8/0.0123,4.8/0.0123,9.47,9.44,690,26.7,7,APO*
(2008 CQ),2015-Jan-31 01:20 ± 2_05:21,4.8/0.0124,4.4/0.0113,11.07,11.05,1.57e+04,25.4,9,APO*
(2014 YV9),2014-Dec-29 04:20 ±,4.9/0.0125,4.8/0.0124,9.50,9.48,547,26.6,4,APO*
(2011 TB4),2014-Oct-09 21:45 ±,4.9/0.0125,4.9/0.0125,13.48,13.47,1.72e+05,25.4,14,APO*
(2015 DZ198),2015-Feb-20 09:39 ±,5.0/0.0128,5.0/0.0127,9.48,9.46,508,24.7,5,APO*
(2014 GU34),2014-Apr-02 23:23 ±   00:02,5.0/0.0128,4.9/0.0127,6.44,6.40,131,25.6,4,APO*
(2014 GG45),2014-Apr-09 12:08 ±,5.0/0.0128,5.0/0.0128,20.93,20.92,694,24.8,3,APO*
(2014 UK175),2014-Oct-22 00:40 ±   00:01,5.2/0.0133,5.1/0.0132,6.21,6.17,246,27.1,3,APO*
(2010 JO33),2014-May-20 04:37 ±,5.2/0.0133,5.2/0.0133,8.20,8.17,7.91e+05,25.0,21,APO*
(2014 UL191),2014-Oct-29 04:49 ±,5.2/0.0134,5.2/0.0134,19.98,19.97,941,24.4,4,APO*
(2014 KO2),2014-May-21 21:49 ±   00:02,5.2/0.0135,5.2/0.0134,4.13,4.08,435,28.2,3,AMO*
(2014 WF200),2014-Nov-15 02:07 ±   00:02,5.3/0.0136,5.2/0.0134,8.80,8.77,113,27.4,2,APO*
(2014 LL26),2014-Jun-10 09:38 ±,5.3/0.0137,5.3/0.0136,5.13,5.09,752,25.3,7,AMO*
(2015 BK4),2015-Jan-25 01:25 ±,5.3/0.0137,5.3/0.0137,11.10,11.08,1.24e+03,24.9,5,APO*
(2014 SR223),2014-Sep-21 22:44 ±,5.3/0.0137,5.3/0.0137,14.33,14.32,1.33e+03,26.8,13,APO*
(2014 HM197),2014-May-04 19:42 ±   00:24,5.4/0.0138,4.8/0.0124,14.61,14.60,20.1,27.2,2,APO*
(2014 UW56),2014-Oct-19 21:16 ±   00:02,5.4/0.0140,5.3/0.0137,8.78,8.76,88.2,28.2,3,APO*
(2014 QL365),2014-Sep-01 14:11 ±,5.5/0.0142,5.5/0.0142,7.73,7.70,1.15e+03,27.0,5,APO*
(2014 TK),2014-Sep-29 01:31 ±,5.6/0.0143,5.6/0.0143,22.26,22.25,844,24.2,8,APO*
(2014 WX4),2014-Nov-13 09:26 ±,5.6/0.0143,5.5/0.0143,6.63,6.60,416,26.4,3,APO*
(2015 AK1),2015-Jan-18 23:17 ±,5.6/0.0143,5.6/0.0143,12.17,12.15,1.47e+03,24.4,6,APO*
(2014 WK365),2014-Nov-24 19:14 ±,5.7/0.0146,5.7/0.0146,14.41,14.40,1.21e+03,25.4,3,APO*
(2014 QV363),2014-Aug-21 00:12 ±   00:04,5.7/0.0147,5.6/0.0145,10.68,10.66,164,25.9,2,APO*
(2014 TB),2014-Oct-01 19:39 ±   00:04,5.8/0.0149,5.8/0.0148,3.74,3.69,547,28.2,2,APO*
(2014 HQ4),2014-Apr-13 00:44 ±   00:07,5.8/0.0149,5.8/0.0148,15.17,15.16,210,26.2,7,APO*
(2014 HT178),2014-May-08 11:30 ±,5.9/0.0153,5.8/0.0149,14.53,14.52,86.8,26.6,5,APO*
(2014 HT197),2014-May-04 04:01 ±   00:09,5.9/0.0153,4.9/0.0126,13.56,13.55,11.7,28.6,2,APO*
(2014 WA201),2014-Nov-16 16:14 ±,6.0/0.0153,6.0/0.0153,12.00,11.99,2.21e+03,26.9,7,APO*
(2014 TC),2014-Oct-03 11:23 ±,6.0/0.0154,6.0/0.0153,10.19,10.17,660,26.2,2,ATE*
(2014 KM39),2014-May-11 18:31 ±   00:01,6.1/0.0156,6.1/0.0156,12.04,12.02,5.04e+03,24.4,7,ATE*
(2014 QD364),2014-Aug-29 07:56 ±   00:02,6.1/0.0156,6.1/0.0156,2.31,2.23,1.27e+03,27.2,7,ATE*
(2015 FM),2015-Mar-23 02:50 ±,6.1/0.0156,6.1/0.0156,15.05,15.04,1.02e+03,26.2,6,APO*
(2014 XE32),2014-Dec-10 12:48 ±,6.1/0.0158,6.1/0.0156,13.55,13.54,180,26.3,2,APO*
(2007 HB15),2014-Apr-27 20:08 ±   11:17,6.1/0.0158,3.7/0.0096,5.92,5.89,1.1e+05,27.7,8,APO*
(2015 DC54),2015-Feb-15 20:14 ±,6.2/0.0159,6.2/0.0159,7.52,7.49,783,26.2,3,APO*
(2014 WF201),2014-Nov-23 11:38 ±,6.2/0.0160,6.2/0.0160,5.08,5.05,2.19e+03,25.6,8,APO*
(2014 RW18),2014-Sep-20 01:31 ±,6.3/0.0161,6.3/0.0161,7.33,7.31,1.31e+03,25.9,5,APO*
(2015 CA40),2015-Feb-23 21:49 ±,6.3/0.0162,6.3/0.0162,8.07,8.05,2.7e+03,24.7,13,APO*
(2014 HC177),2014-Apr-18 20:16 ±   00:01,6.3/0.0163,6.3/0.0162,9.06,9.05,348,24.7,4,APO*
(2014 SS261),2014-Sep-28 09:54 ±,6.4/0.0163,6.3/0.0163,6.14,6.12,2.39e+03,26.3,7,ATE*
(2015 FO34),2015-Mar-23 17:49 ±,6.4/0.0165,6.4/0.0165,5.11,5.08,652,27.6,2,APO*
(2014 YP9),2014-Dec-21 15:48 ±,6.5/0.0167,6.5/0.0167,19.41,19.41,1.39e+03,23.3,5,APO*
(2014 QY33),2014-Aug-30 08:02 ±,6.5/0.0168,6.5/0.0168,14.49,14.48,2.61e+05,26.2,11,APO*
(2014 LK21),2014-Jun-06 03:14 ±,6.7/0.0171,6.7/0.0171,3.73,3.69,2.06e+03,25.9,12,ATE*
(2015 CQ13),2015-Feb-18 08:31 ±,6.7/0.0171,6.7/0.0171,6.74,6.71,1.17e+03,25.7,5,APO*
(2014 QT295),2014-Sep-05 17:54 ±,6.7/0.0172,6.6/0.0170,12.29,12.27,270,25.9,6,APO*
(2014 QH33),2014-Aug-12 20:31 ±,6.7/0.0172,6.7/0.0172,5.54,5.51,1.41e+05,24.4,15,APO*
(2014 UU116),2014-Oct-29 00:55 ±,6.8/0.0174,6.8/0.0174,11.73,11.71,862,26.2,3,APO*
(2014 UU33),2014-Oct-25 11:04 ±,6.9/0.0176,6.8/0.0176,19.72,19.72,878,25.1,2,APO*
(2015 DK200),2015-Mar-08 00:22 ±,6.9/0.0177,6.9/0.0177,8.61,8.59,932,25.8,5,APO*
(2014 TT35),2014-Oct-22 02:09 ±,6.9/0.0177,6.9/0.0176,10.67,10.66,363,26.0,6,APO*
(2014 QN362),2014-Aug-14 15:42 ±,6.9/0.0177,6.8/0.0176,9.94,9.93,220,26.5,2,APO*
(2014 MF18),2014-Jun-19 05:18 ±   00:01,6.9/0.0178,6.9/0.0177,2.80,2.75,1.55e+03,26.0,7,ATE*
(2014 JX24),2014-May-04 05:31 ±,6.9/0.0178,6.9/0.0176,9.07,9.05,162,26.9,3,AMO*
(2014 WN69),2014-Nov-05 06:51 ±   00:41,6.9/0.0178,6.9/0.0178,4.16,4.12,287,28.0,2,APO*
(2014 HT46),2014-May-04 08:55 ±,6.9/0.0178,6.9/0.0178,5.19,5.16,2.84e+05,26.6,14,APO*
(2015 EP),2015-Mar-13 18:22 ±,7.0/0.0180,7.0/0.0179,6.02,6.00,818,25.9,3,APO*
(2014 SS1),2014-Sep-10 20:08 ±,7.0/0.0181,7.0/0.0181,7.12,7.10,1.81e+04,21.7,37,AMO*
(2015 CG),2015-Feb-11 13:14 ±,7.1/0.0182,7.1/0.0182,12.09,12.07,1.12e+03,25.6,4,APO*
(2015 BK510),2015-Jan-19 09:14 ±,7.1/0.0184,7.1/0.0182,17.20,17.20,332,25.7,3,APO*
(2014 MV18),2014-Jun-30 15:57 ±,7.2/0.0184,7.2/0.0184,6.57,6.55,2.1e+03,23.7,12,ATE*
(2015 DD54),2015-Feb-21 18:04 ±,7.2/0.0184,7.2/0.0184,7.16,7.14,3.99e+03,25.4,10,APO*
(2015 CK13),2015-Feb-15 01:02 ±,7.2/0.0185,7.2/0.0184,9.42,9.41,1.02e+03,27.2,4,APO*
(2014 UV210),2014-Dec-13 17:48 ±,7.2/0.0185,7.2/0.0185,1.50,1.40,1.19e+06,26.9,20,APO*
(2014 JW79),2014-May-12 16:27 ±   04:01,7.4/0.0189,5.4/0.0138,11.89,11.88,153,26.6,2,APO*
(2007 TV18),2014-Apr-18 00:02 ±,7.4/0.0190,7.4/0.0190,9.75,9.73,2.49e+05,23.8,26,APO*
(2014 XB6),2014-Dec-14 07:17 ±,7.6/0.0194,7.5/0.0194,7.19,7.17,705,26.5,5,APO*
(2014 UY57),2014-Oct-20 02:14 ±,7.6/0.0195,7.6/0.0194,9.13,9.12,503,27.2,6,APO*
(2014 SC145),2014-Sep-25 14:03 ±,7.6/0.0195,7.6/0.0195,11.36,11.35,1.45e+03,25.7,4,APO*
(2014 JD),2014-May-09 23:49 ±,7.7/0.0197,7.6/0.0196,10.46,10.45,548,26.3,8,APO*
(2015 AZ43),2015-Feb-15 12:35 ±,7.7/0.0197,7.7/0.0197,7.22,7.20,3.27e+04,23.5,30,APO*
(2014 KD),2014-May-19 06:27 ±,7.7/0.0199,7.7/0.0199,9.67,9.65,4.87e+03,24.4,8,APO*
(2014 WU202),2014-Nov-29 16:01 ±,7.7/0.0199,7.7/0.0199,7.38,7.36,926,26.8,3,APO*
(2014 UH57),2014-Oct-27 16:22 ±,7.7/0.0199,7.7/0.0198,6.74,6.72,409,27.6,4,APO*
(2014 HN199),2014-May-05 03:00 ±   04:07,7.8/0.0199,7.3/0.0189,16.77,16.76,4.82,26.7,2,APO*
(2015 AH44),2015-Jan-14 23:28 ±,7.8/0.0201,7.8/0.0201,10.78,10.76,1.25e+03,24.5,8,APO*
(2014 RJ),2014-Sep-03 17:31 ±,7.8/0.0202,7.8/0.0200,11.22,11.21,370,25.4,3,AMO*
(2014 HS196),2014-May-10 00:13 ±   01:30,7.9/0.0202,6.9/0.0178,11.77,11.76,43.3,27.5,2,APO*
(2014 SO142),2014-Sep-17 13:32 ±,7.9/0.0203,7.9/0.0203,11.65,11.64,982,24.4,9,APO*
(2015 CM13),2015-Feb-07 01:59 ±,7.9/0.0203,7.9/0.0203,12.44,12.43,1.02e+03,23.7,6,APO*
(2015 DU),2015-Feb-23 09:59 ±,8.0/0.0205,8.0/0.0205,1.69,1.61,2.35e+04,26.7,15,APO*
(2014 JH15),2014-May-17 12:58 ±,8.0/0.0205,8.0/0.0204,13.15,13.14,510,24.5,12,APO*
(2015 FN34),2015-Mar-25 05:18 ±,8.0/0.0206,7.9/0.0204,11.49,11.48,275,26.7,1,APO*
(2014 WB366),2014-Dec-05 06:53 ±,8.0/0.0206,8.0/0.0206,5.65,5.63,1.25e+03,24.8,8,APO*
(2014 HH198),2014-Apr-15 17:28 ±   13:53,8.0/0.0207,6.4/0.0165,7.70,7.68,11.3,28.5,2,APO*
(2014 UA8),2014-Oct-23 17:07 ±,8.1/0.0208,8.0/0.0207,12.23,12.22,377,25.1,4,APO*
(2014 GK35),2014-Apr-02 02:17 ±,8.1/0.0209,8.1/0.0208,20.35,20.34,675,24.4,5,APO*
(2014 QE434),2014-Aug-16 11:05 ±   00:12,8.1/0.0209,7.9/0.0204,9.22,9.20,67.2,24.1,2,AMO*
(2014 HX2),2014-Apr-19 05:58 ±,8.2/0.0210,8.1/0.0209,7.69,7.67,660,27.2,6,APO*
(2014 UR34),2014-Oct-22 02:00 ±,8.2/0.0210,8.2/0.0210,12.22,12.21,880,24.9,3,APO*
(2014 GQ45),2014-Apr-10 12:35 ±,8.2/0.0211,8.2/0.0210,7.64,7.62,1.13e+03,25.5,10,AMO*
(2014 YU34),2014-Dec-29 08:28 ±,8.2/0.0211,8.2/0.0211,10.47,10.45,1.67e+03,24.3,3,APO*
(2014 TP57),2014-Oct-22 16:34 ±,8.2/0.0211,8.2/0.0211,5.71,5.69,734,26.4,6,APO*
(2015 FV33),2015-Mar-03 07:46 ±   00:05,8.2/0.0212,8.1/0.0207,6.29,6.27,251,26.4,2,APO*
(2014 OZ337),2014-Jul-25 23:15 ±,8.3/0.0212,8.3/0.0212,10.86,10.85,7.35e+03,22.5,15,APO*
(2014 WD366),2014-Dec-01 00:37 ±,8.3/0.0212,8.2/0.0211,7.37,7.36,246,27.4,2,APO*
(2015 FJ120),2015-Mar-17 17:13 ±   00:07,8.4/0.0215,8.3/0.0213,8.96,8.95,193,26.2,1,APO*
(2014 HN2),2014-Apr-09 01:28 ±   00:04,8.4/0.0216,8.4/0.0216,2.19,2.13,875,26.5,12,ATE*
(2015 CM),2015-Feb-09 05:40 ±,8.4/0.0216,8.4/0.0216,6.01,5.99,1.22e+03,26.5,11,APO*
(2014 WY362),2014-Nov-06 15:13 ±   00:37,8.4/0.0217,8.1/0.0208,9.31,9.30,87.8,25.4,2,APO*
(2015 CJ13),2015-Feb-15 22:09 ±,8.5/0.0218,8.5/0.0217,14.79,14.78,1.36e+03,24.0,5,ATE*
(2015 BF92),2015-Feb-07 22:08 ±,8.5/0.0219,8.5/0.0218,13.99,13.99,660,24.0,10,APO*
(2011 PU1),2014-Jul-17 02:34 ±,8.5/0.0219,8.5/0.0219,5.00,4.97,8.23e+05,25.6,24,APO*
(2014 JY30),2014-May-04 01:00 ±,8.5/0.0219,8.5/0.0218,11.02,11.01,446,25.4,5,APO*
(2015 FG35),2015-Mar-07 11:41 ±   00:04,8.6/0.0220,8.4/0.0215,8.48,8.47,135,25.4,1,APO*
(2014 UG56),2014-Oct-18 02:47 ±   00:03,8.6/0.0221,8.5/0.0219,20.41,20.41,474,25.2,4,APO*
(2014 KQ84),2014-Jun-05 08:44 ±,8.6/0.0221,8.6/0.0221,3.56,3.52,1.16e+03,26.7,9,AMO*
(2015 DD199),2015-Feb-18 11:01 ±   00:06,8.6/0.0222,8.5/0.0218,7.75,7.74,116,26.2,2,APO*
(2010 FV9),2014-Oct-11 20:20 ±,8.7/0.0223,8.7/0.0223,7.11,7.09,1.13e+05,25.4,18,APO*
(2014 HH123),2014-Apr-16 14:53 ±,8.8/0.0225,8.7/0.0224,7.79,7.78,538,24.4,7,APO*
(2014 JJ55),2014-May-04 12:45 ±,8.8/0.0225,8.7/0.0225,4.60,4.58,892,25.3,6,APO*
(2014 YP34),2015-Jan-04 10:03 ±,8.8/0.0225,8.7/0.0224,6.88,6.87,523,26.1,6,APO*
(2014 HR197),2014-May-05 00:05 ± 1_09:51,8.8/0.0225,3.5/0.0091,17.00,16.99,5.29,27.1,5,APO*
(2015 CB1),2015-Feb-08 02:37 ±,8.8/0.0225,8.7/0.0225,7.98,7.97,866,25.5,2,APO*
(2014 HL2),2014-Apr-28 22:06 ±,8.8/0.0225,8.7/0.0225,11.22,11.21,557,26.2,5,APO*
(2014 WY365),2014-Dec-06 16:38 ±,8.8/0.0226,8.7/0.0225,8.71,8.70,350,25.7,4,APO*
(2014 ME6),2014-Jun-27 09:28 ±,8.8/0.0227,8.8/0.0226,15.50,15.49,714,25.6,4,APO*
(2015 DM155),2015-Feb-14 21:51 ±   00:01,8.9/0.0228,8.8/0.0227,9.79,9.78,417,25.8,2,APO*
(2015 FH37),2015-Mar-27 10:25 ±,8.9/0.0229,8.8/0.0227,18.99,18.98,290,24.9,1,APO*
(2014 FB44),2014-Mar-31 07:21 ±,9.0/0.0230,8.9/0.0229,7.58,7.57,764,25.5,7,APO*
(2014 SX261),2014-Oct-03 22:51 ±,9.0/0.0231,8.9/0.0230,27.57,27.56,1.03e+03,22.5,10,APO*
(2015 CG13),2015-Feb-03 11:11 ±   00:03,9.0/0.0232,9.0/0.0230,35.28,35.28,632,24.0,3,APO*
(2014 MP),2014-Jun-22 05:41 ±,9.1/0.0233,9.0/0.0233,5.03,5.01,1.29e+03,26.0,8,AMO*
(2014 MF6),2014-Jul-09 19:39 ±,9.1/0.0233,9.1/0.0233,11.37,11.36,7.92e+04,20.7,22,APO*
(2014 KA91),2014-Jun-06 17:27 ±,9.1/0.0235,9.1/0.0234,8.44,8.42,606,25.5,9,APO*
(2014 TG18),2014-Sep-27 03:42 ±,9.2/0.0237,9.2/0.0236,16.20,16.19,1.89e+03,22.3,6,APO*
(2014 MB55),2014-Jun-13 14:59 ±   00:01,9.3/0.0238,9.2/0.0237,8.24,8.23,4.1e+03,24.7,5,AMO*
(2014 QS362),2014-Aug-19 01:51 ±,9.3/0.0238,9.2/0.0237,12.65,12.64,446,24.5,3,APO*
(2014 YD1),2014-Dec-11 18:51 ±,9.3/0.0239,9.3/0.0239,8.90,8.89,5.37e+03,25.6,5,APO*
(2015 BF),2015-Jan-25 10:28 ±,9.3/0.0239,9.3/0.0238,11.00,10.98,385,26.6,3,APO*
(2014 QS168),2014-Aug-07 20:50 ±   00:04,9.4/0.0241,9.4/0.0240,7.08,7.06,1.53e+03,23.2,8,AMO*
(2014 OV299),2014-Aug-06 20:03 ±   00:42,9.5/0.0243,9.0/0.0231,13.24,13.23,68,26.3,2,APO*
(2014 MG6),2014-Jun-27 14:43 ±,9.5/0.0244,9.5/0.0243,5.30,5.28,925,26.2,5,AMO*
(2015 FX35),2015-Mar-13 19:58 ±,9.5/0.0244,9.4/0.0242,7.17,7.15,183,27.6,1,APO*
(2015 FW33),2015-Mar-23 03:23 ±,9.6/0.0246,9.5/0.0245,4.80,4.78,652,25.9,7,APO*
(2014 TM34),2014-Oct-05 18:50 ±,9.6/0.0247,9.6/0.0246,6.93,6.92,545,25.0,11,APO*
(2014 OW3),2014-Jul-29 07:52 ±,9.6/0.0247,9.6/0.0246,23.17,23.17,732,22.4,3,APO*
(2015 BL311),2015-Jan-15 02:59 ±,9.6/0.0247,9.6/0.0247,28.52,28.52,1.07e+04,21.0,12,APO*
(2015 FP),2015-Mar-28 04:23 ±,9.6/0.0248,9.6/0.0247,7.49,7.48,468,25.1,4,APO*
(2014 HE5),2014-Apr-29 03:11 ±,9.7/0.0249,9.6/0.0248,14.01,14.00,623,25.4,4,APO*
(2014 MJ26),2014-Jul-02 07:09 ±,9.7/0.0249,9.6/0.0247,8.68,8.66,358,24.8,2,APO*
(2014 TR),2014-Oct-11 14:36 ±   00:03,9.9/0.0253,9.8/0.0251,4.38,4.36,155,27.2,2,APO*
(2014 HB197),2014-May-05 17:36 ±   18:06,9.9/0.0255,7.5/0.0192,8.94,8.93,9.96,27.8,2,APO*
(2015 CE1),2015-Feb-03 09:47 ±,10.1/0.0259,9.9/0.0254,21.40,21.40,138,24.7,3,APO*
(2014 JL25),2014-Jun-05 05:38 ±,10.2/0.0261,10.2/0.0261,13.08,13.08,3.59e+07,23.0,26,APO*
(2015 FL35),2015-Mar-25 13:35 ±,10.2/0.0261,10.2/0.0261,13.75,13.74,959,24.3,2,APO*
(2014 GA),2014-Apr-02 17:03 ±,10.2/0.0262,10.2/0.0261,5.29,5.27,756,26.4,7,APO*
(2014 QZ295),2014-Sep-14 19:46 ±,10.3/0.0264,10.3/0.0263,8.81,8.79,509,24.8,8,ATE*
(2005 YQ96),2015-Jan-02 21:46 ±,10.3/0.0265,10.3/0.0265,12.70,12.70,1.56e+06,20.4,28,ATE*
(2014 ST1),2014-Sep-15 17:14 ±,10.3/0.0265,10.3/0.0264,7.79,7.77,399,26.0,6,AMO*
(2015 BE4),2015-Jan-07 04:12 ±,10.3/0.0265,10.3/0.0265,10.51,10.50,1.4e+04,23.7,10,APO*
(2014 HK197),2014-May-07 18:09 ± 2_05:28,10.4/0.0267,1.9/0.0049,15.85,15.84,3.76,26.9,2,APO*
(2014 WW201),2014-Nov-26 18:28 ±,10.4/0.0268,10.4/0.0268,8.66,8.65,3.03e+03,25.0,7,APO*
(2014 UM192),2014-Oct-22 18:49 ±   00:02,10.5/0.0270,10.4/0.0267,13.18,13.17,226,25.8,4,APO*
(2014 YN),2014-Dec-18 08:20 ±,10.5/0.0271,10.5/0.0271,2.79,2.75,2.91e+03,25.7,18,ATE*
(2014 JS25),2014-May-09 10:17 ±   00:02,10.6/0.0271,10.4/0.0268,7.96,7.95,158,26.5,3,APO*
(2015 DE1),2015-Feb-13 08:45 ±,10.6/0.0271,10.5/0.0269,13.32,13.31,285,23.3,3,APO*
(2010 VQ),2014-Oct-21 19:16 ± 2_16:56,10.6/0.0271,6.2/0.0161,3.98,3.95,1.44e+04,27.7,11,ATE*
(2015 DR),2015-Mar-02 05:55 ±,10.6/0.0272,10.6/0.0271,16.41,16.40,696,23.9,10,APO*
(2014 MV41),2014-Jul-17 03:37 ±,10.6/0.0272,10.5/0.0269,14.00,13.99,215,24.1,7,APO*
(2014 OR392),2014-Jul-29 06:24 ±   00:08,10.6/0.0273,10.4/0.0268,8.48,8.47,104,25.8,2,AMO*
(2015 DC155),2015-Feb-12 20:05 ±,10.6/0.0273,10.6/0.0271,10.76,10.75,298,25.5,3,APO*
(2014 RS17),2014-Sep-07 04:38 ±,10.7/0.0274,10.7/0.0274,26.25,26.24,2.11e+03,23.2,12,APO*
(2007 EC),2015-Jan-15 19:37 ±,10.7/0.0275,10.7/0.0275,6.60,6.58,3.06e+06,22.2,38,ATE*
(2009 TD8),2014-Oct-27 21:54 ±   18:08,10.7/0.0275,8.3/0.0212,6.97,6.95,466,26.9,5,ATE*
(2015 BF511),2015-Feb-17 17:33 ±,10.7/0.0275,10.7/0.0275,7.10,7.08,1.37e+03,24.6,9,APO*
(2015 DO223),2015-Mar-21 03:41 ±,10.7/0.0276,10.7/0.0276,19.06,19.06,1.32e+03,23.5,4,APO*
(2014 UN114),2014-Oct-22 21:55 ±,10.8/0.0278,10.8/0.0278,3.91,3.89,7.21e+03,24.5,28,ATE*
(2012 SL50),2014-Oct-01 15:15 ±   21:03,10.8/0.0278,2.5/0.0063,11.09,11.08,4.39e+03,26.4,5,APO*
(2015 DT),2015-Mar-06 20:59 ±,10.9/0.0279,10.9/0.0279,11.80,11.79,1.27e+03,22.9,15,APO*
(2014 KP2),2014-May-12 08:26 ±   00:28,10.9/0.0279,10.5/0.0271,6.41,6.39,99.3,26.7,3,APO*
(2015 FB118),2015-Mar-13 20:36 ±   00:04,10.9/0.0281,10.7/0.0275,11.49,11.48,192,23.7,4,APO*
(2015 FD),2015-Mar-11 02:08 ±,10.9/0.0281,10.9/0.0280,6.84,6.83,694,26.6,4,ATE*
(2014 QZ265),2014-Aug-27 11:06 ±,11.0/0.0284,11.0/0.0282,14.77,14.77,352,25.3,4,ATE*
(2014 QM266),2014-Sep-01 09:42 ±,11.1/0.0285,11.0/0.0283,27.28,27.27,322,24.3,3,APO*
(2014 HM198),2014-Apr-11 20:30 ± 2_07:57,11.1/0.0285,7.0/0.0179,8.00,7.98,7.27,27.5,2,APO*
(2014 OF392),2014-Aug-10 00:13 ±   00:02,11.1/0.0286,10.8/0.0278,14.27,14.26,85.4,25.5,3,APO*
(2014 WA366),2014-Nov-05 14:10 ±   00:02,11.1/0.0286,11.1/0.0286,1.67,1.62,4.09e+03,26.9,12,APO*
(2014 SM1),2014-Sep-06 06:20 ±   00:01,11.2/0.0288,11.1/0.0286,8.04,8.03,387,25.6,4,ATE*
(2014 SM143),2014-Oct-20 18:34 ±,11.2/0.0288,11.2/0.0288,18.10,18.09,4.55e+07,20.3,34,APO*
(2014 KC46),2014-Jun-08 21:42 ±,11.3/0.0289,11.3/0.0289,19.17,19.16,6.48e+04,22.8,9,APO*
(2013 WF108),2014-May-23 16:01 ±,11.3/0.0290,11.3/0.0290,18.42,18.41,3e+07,20.3,51,APO*
(2014 GP17),2014-Apr-11 19:17 ±,11.3/0.0290,11.3/0.0290,9.68,9.67,2.07e+05,25.2,11,APO*
(2015 BG92),2015-Jan-29 06:09 ±,11.3/0.0290,11.3/0.0290,4.23,4.21,2.27e+04,25.1,20,APO*
(2013 RZ53),2015-Feb-25 19:27 ±   16:10,11.3/0.0290,11.0/0.0281,1.34,1.27,3.93e+03,31.1,6,APO*
(2015 FP35),2015-Mar-23 15:28 ±,11.3/0.0290,11.3/0.0289,13.64,13.64,642,24.3,2,APO*
(2015 BW512),2015-Jan-24 05:19 ±,11.3/0.0291,11.3/0.0289,10.04,10.03,422,25.2,4,APO*
(2014 WK7),2014-Nov-18 08:55 ±,11.3/0.0291,11.3/0.0291,14.23,14.22,1.38e+03,22.4,8,APO*
(2014 TH17),2014-Sep-29 02:00 ±,11.4/0.0292,11.3/0.0290,8.84,8.83,267,26.7,2,AMO*
(2015 EN),2015-Mar-01 23:27 ±   00:05,11.4/0.0294,11.2/0.0288,10.85,10.84,99.6,26.5,1,APO*
(2015 CN13),2015-Mar-02 17:56 ±,11.5/0.0295,11.5/0.0294,8.57,8.56,992,23.3,13,APO*
(2014 UX34),2014-Oct-18 08:55 ±,11.5/0.0296,11.5/0.0296,25.39,25.39,2.56e+04,22.2,12,APO*
(2014 UY56),2014-Oct-15 00:24 ±   00:02,11.6/0.0297,11.3/0.0290,12.77,12.77,85.4,26.3,3,APO*
(2014 OO6),2014-Aug-18 15:39 ±,11.6/0.0298,11.6/0.0298,17.03,17.02,9.39e+04,23.1,18,APO*
(2014 OS338),2014-Jul-17 23:25 ±   00:03,11.6/0.0298,11.5/0.0294,6.20,6.19,130,27.0,4,APO*
(2014 YB35),2015-Mar-27 06:20 ±,11.6/0.0299,11.6/0.0299,10.16,10.15,9.55e+05,18.9,56,APO*
(2014 JT2),2014-Apr-25 03:13 ±,11.7/0.0300,11.6/0.0299,8.53,8.52,367,24.8,6,APO*
(2015 FB),2015-Mar-14 16:47 ±,11.7/0.0301,11.7/0.0300,7.31,7.30,1.15e+03,26.3,4,APO*
(2014 QN266),2014-Jul-16 06:19 ±   00:02,11.7/0.0302,11.7/0.0302,2.11,2.07,2.48e+03,26.3,17,APO*
(2014 QN296),2014-Aug-09 15:38 ±   00:04,11.8/0.0302,11.5/0.0295,6.99,6.98,71.5,26.0,2,AMO*
(2015 BC4),2014-Dec-26 20:09 ±   00:08,11.8/0.0303,11.7/0.0301,7.77,7.76,334,24.7,6,APO*
(2014 SC),2014-Sep-22 09:55 ±,11.9/0.0305,11.8/0.0304,7.53,7.52,576,26.4,9,AMO*
(2015 AP44),2015-Jan-24 12:27 ±,11.9/0.0305,11.8/0.0304,5.02,5.00,513,26.2,5,APO*
(2014 RQ17),2014-Oct-22 06:17 ±,11.9/0.0305,11.9/0.0305,6.40,6.39,1.34e+07,22.3,36,APO*
(2014 HE199),2014-Apr-02 23:47 ±   01:28,11.9/0.0306,11.0/0.0283,12.01,12.00,54.9,25.2,2,APO*
(2014 JT79),2014-Apr-15 16:04 ± 3_04:33,11.9/0.0306,>0.02/0.00004,12.94,12.94,2.87,26.5,4,APO*
(2014 WC364),2014-Dec-08 00:11 ±   00:08,11.9/0.0306,11.5/0.0295,11.06,11.05,109,24.8,2,APO*
(2015 DC199),2015-Feb-21 00:30 ±,12.0/0.0307,11.9/0.0305,7.36,7.35,242,25.9,3,APO*
(2014 TB36),2014-Oct-07 13:27 ±,12.1/0.0311,12.0/0.0309,10.66,10.66,474,25.3,6,APO*
(2015 EJ),2015-Mar-01 16:18 ±   00:02,12.1/0.0312,12.0/0.0308,12.45,12.44,171,25.4,2,APO*
(2014 UW57),2014-Nov-16 17:26 ±   00:02,12.2/0.0313,12.1/0.0312,4.00,3.98,360,26.4,6,APO*
(2007 ED125),2015-Mar-03 21:34 ±,12.2/0.0313,12.2/0.0313,13.04,13.03,2.78e+05,21.1,29,APO*
(2014 TR57),2014-Oct-11 17:46 ±,12.2/0.0314,12.2/0.0313,5.95,5.94,1.84e+03,25.2,8,AMO*
304330 (2006 SX217),2014-Apr-23 17:21 ±,12.3/0.0316,12.3/0.0316,12.68,12.67,4.15e+07,18.9,59,APO*
(2014 JV54),2014-Jun-01 23:52 ±,12.3/0.0316,12.3/0.0316,4.38,4.36,1.04e+05,25.8,13,APO*
(2015 DM215),2015-Feb-23 16:39 ±,12.3/0.0316,12.3/0.0315,15.24,15.23,817,24.2,3,APO*
(2014 SN1),2014-Aug-31 20:10 ±   00:03,12.3/0.0317,12.3/0.0315,14.20,14.20,1.3e+03,24.6,10,APO*
(2014 OH112),2014-Jul-20 06:28 ±,12.5/0.0320,12.4/0.0319,5.54,5.53,391,26.5,5,AMO*
(2014 XJ3),2014-Dec-26 06:35 ±,12.5/0.0321,12.5/0.0321,22.30,22.29,2.06e+07,20.1,28,APO*
(2014 YE14),2014-Dec-18 20:07 ±,12.5/0.0322,12.4/0.0319,9.67,9.66,181,27.2,2,APO*
(2015 EC7),2015-Mar-06 07:12 ±,12.6/0.0324,12.5/0.0322,24.37,24.36,854,22.4,4,APO*
(2014 OT111),2014-Jul-19 14:18 ±,12.9/0.0331,12.9/0.0331,10.21,10.20,2.19e+04,21.7,21,APO*
(2014 HA198),2014-Apr-24 23:59 ±   00:16,12.9/0.0331,12.6/0.0323,3.46,3.44,65.1,28.7,2,AMO*
(2014 YU9),2014-Dec-18 22:15 ±,12.9/0.0332,12.8/0.0328,22.88,22.88,241,24.7,3,APO*
(2015 BD4),2015-Jan-07 05:29 ±,12.9/0.0332,12.9/0.0332,10.09,10.08,5.97e+03,25.0,5,APO*
(2014 UY7),2014-Oct-15 12:09 ±,13.0/0.0334,13.0/0.0334,7.33,7.32,2.13e+03,24.8,12,AMO*
(2014 RD17),2014-Sep-02 05:07 ±   00:01,13.1/0.0337,13.1/0.0336,10.29,10.28,474,24.2,6,APO*
(2014 KX76),2014-May-19 03:21 ±,13.1/0.0338,13.1/0.0337,6.05,6.03,496,24.3,9,AMO*
(2014 JT54),2014-May-18 23:30 ±,13.2/0.0338,13.0/0.0335,20.68,20.67,242,24.1,7,APO*
(2014 UA58),2014-Nov-01 21:56 ±   00:01,13.2/0.0340,13.1/0.0335,11.23,11.22,153,26.6,2,APO*
(2015 FN36),2015-Mar-16 16:13 ±,13.3/0.0341,13.0/0.0335,22.88,22.87,210,23.9,6,APO*
(2014 MD18),2014-Jun-01 08:33 ±   00:05,13.3/0.0342,13.3/0.0341,6.75,6.74,836,24.6,7,AMO*
(2014 KL22),2014-Jun-11 09:43 ±,13.3/0.0342,13.3/0.0342,6.98,6.97,1.16e+03,24.6,13,AMO*
(2014 TC36),2014-Oct-14 18:57 ±,13.4/0.0343,13.3/0.0342,8.87,8.86,478,25.0,6,ATE*
(2015 CZ12),2015-Feb-04 06:18 ±,13.4/0.0343,13.3/0.0341,8.40,8.39,340,25.4,6,APO*
(2015 CO13),2015-Feb-24 19:30 ±,13.4/0.0344,13.2/0.0339,19.10,19.10,177,24.0,4,APO*
(2014 UV34),2014-Oct-14 04:56 ±,13.4/0.0345,13.4/0.0345,5.29,5.28,1.45e+03,24.9,7,APO*
(2015 BB),2015-Jan-19 01:20 ±,13.5/0.0346,13.4/0.0345,15.78,15.77,728,24.9,3,APO*
163132 (2002 CU11),2014-Aug-30 03:14 ±,13.5/0.0347,13.5/0.0347,26.09,26.08,6.87e+07,18.5,113,APO*
(2014 HX198),2014-May-13 06:07 ±,13.5/0.0347,13.4/0.0344,11.41,11.40,219,27.0,2,APO*
(2014 SU1),2014-Oct-18 00:24 ±,13.7/0.0351,13.7/0.0351,2.98,2.95,7.3e+03,25.0,10,APO*
(2014 UQ7),2014-Oct-16 06:06 ±   00:02,13.8/0.0354,13.6/0.0349,7.09,7.08,115,25.1,3,APO*
(2015 FX33),2015-Mar-26 18:47 ±,13.8/0.0354,13.7/0.0353,5.53,5.52,614,25.9,4,AMO*
(2015 BM510),2015-Feb-10 21:01 ±,13.8/0.0355,13.8/0.0355,3.13,3.11,1.73e+03,25.1,10,ATE*
(2014 UY),2014-Dec-01 13:53 ±,13.8/0.0355,13.8/0.0355,3.19,3.17,1.36e+03,25.3,20,APO*
(2014 SE),2014-Sep-15 05:27 ±,13.9/0.0357,13.8/0.0355,10.83,10.82,357,25.3,4,AMO*
(2014 KD45),2014-May-24 01:53 ±   01:34,13.9/0.0358,13.8/0.0356,1.14,1.07,204,27.8,5,AMO*
(2014 UR7),2014-Oct-10 01:54 ±   00:02,14.0/0.0359,13.8/0.0354,8.04,8.03,154,26.1,4,APO*
(2014 TW),2014-Oct-02 10:08 ±,14.1/0.0363,14.1/0.0363,4.72,4.71,1.02e+05,26.0,17,AMO*
(2014 NL52),2014-Jun-27 04:24 ±,14.1/0.0363,14.1/0.0363,5.29,5.27,2.09e+04,23.6,20,APO*
(2014 YT34),2015-Jan-12 00:03 ±,14.2/0.0366,14.2/0.0365,6.99,6.98,694,24.7,12,APO*
(2014 YQ44),2014-Dec-18 07:26 ±   01:35,14.3/0.0366,12.3/0.0316,4.62,4.60,15.9,24.0,2,APO*
(2014 XT7),2014-Dec-20 04:25 ±,14.3/0.0368,14.2/0.0365,8.04,8.03,291,26.0,8,APO*
(2014 QD33),2014-Aug-27 06:44 ±,14.3/0.0369,14.3/0.0367,12.49,12.48,474,24.9,3,APO*
(2014 YK42),2014-Dec-27 00:47 ±,14.4/0.0371,14.4/0.0369,12.61,12.60,444,24.8,2,APO*
(2014 HL198),2014-Apr-14 02:20 ±   00:26,14.5/0.0373,13.2/0.0339,4.86,4.84,42.1,27.3,2,APO*
(2014 UG115),2014-Oct-14 07:30 ±   00:02,14.5/0.0373,14.4/0.0370,5.79,5.78,219,26.6,3,APO*
(2014 FA44),2014-May-23 05:26 ±,14.6/0.0375,14.6/0.0375,2.37,2.34,5.03e+03,24.8,28,AMO*
(2000 HB24),2014-Apr-27 13:28 ±,14.6/0.0376,14.6/0.0376,9.81,9.80,1.54e+05,23.7,16,ATE*
(2014 JQ79),2014-Apr-18 23:49 ±   10:30,14.6/0.0376,10.1/0.0259,7.34,7.33,7.31,26.0,2,APO*
(2014 WO201),2014-Nov-09 11:30 ±   00:03,14.6/0.0376,14.3/0.0367,6.63,6.61,72.9,25.9,2,APO*
(2015 FQ33),2015-Feb-28 20:06 ±   00:04,14.7/0.0377,14.5/0.0374,4.48,4.47,176,26.7,2,APO*
(2014 TJ17),2014-Oct-12 17:16 ±,14.7/0.0377,14.7/0.0377,8.70,8.70,1.86e+04,24.9,14,AMO*
(2014 HF5),2014-Apr-25 18:12 ±,14.7/0.0378,14.7/0.0377,6.49,6.48,550,25.3,6,AMO*
(2014 LF25),2014-May-31 12:59 ±   00:02,14.7/0.0378,14.6/0.0374,11.68,11.67,184,24.1,2,AMO*
(2014 QR296),2014-Aug-20 21:23 ±,14.7/0.0379,14.7/0.0377,6.51,6.49,507,25.2,5,APO*
(2014 WP7),2014-Nov-17 09:05 ±,14.8/0.0380,14.8/0.0379,9.35,9.34,666,26.5,2,AMO*
(2014 OC4),2014-Jul-13 17:38 ±   00:01,14.9/0.0382,14.8/0.0381,5.45,5.43,996,25.5,6,APO*
(2014 WR69),2014-Nov-23 22:56 ±   00:02,15.1/0.0388,14.9/0.0382,8.82,8.81,130,25.0,2,APO*
(2014 GO17),2014-Mar-31 20:40 ±,15.1/0.0389,15.1/0.0389,14.45,14.44,1.09e+05,23.0,16,APO*
(2014 UT56),2014-Nov-07 14:30 ±   00:01,15.2/0.0392,15.0/0.0386,9.82,9.82,208,26.3,4,APO*
(2014 FS52),2014-Apr-11 07:50 ±,15.3/0.0392,15.3/0.0392,15.09,15.09,2.1e+04,24.5,13,APO*
(2014 MR60),2014-Jun-16 17:31 ±,15.3/0.0394,15.3/0.0394,11.90,11.89,6.44e+03,24.0,4,APO*
(2014 VG10),2014-Nov-26 10:09 ±,15.5/0.0398,15.4/0.0396,8.31,8.30,461,26.2,8,APO*
(2014 ML27),2014-Jun-23 02:14 ±,15.5/0.0399,15.5/0.0398,13.20,13.19,588,22.7,8,AMO*
398188 (2010 LE15),2014-Aug-12 00:53 ±,15.5/0.0399,15.5/0.0399,9.43,9.42,4.27e+07,19.5,61,ATE*
(2014 UT33),2014-Nov-08 04:17 ±,15.5/0.0399,15.4/0.0397,11.63,11.62,324,23.4,9,APO*
(2014 US115),2014-Nov-05 11:35 ±,15.6/0.0400,15.5/0.0398,8.47,8.46,371,24.6,9,APO*
(2014 QJ33),2014-Sep-20 04:09 ±,15.6/0.0401,15.6/0.0400,7.97,7.96,762,23.7,10,APO*
(2015 EF7),2015-Mar-23 20:10 ±   00:01,15.6/0.0402,15.6/0.0400,5.19,5.18,417,24.3,3,APO*
(2014 TJ33),2014-Nov-07 10:00 ±,15.7/0.0403,15.7/0.0402,10.85,10.84,2.52e+03,23.0,14,APO*
(2014 HX176),2014-Apr-15 07:05 ±,15.7/0.0404,15.7/0.0404,6.84,6.83,3.54e+03,24.5,9,AMO*
(2014 JW24),2014-May-25 12:34 ±,15.8/0.0405,15.7/0.0404,8.65,8.64,714,23.9,12,APO*
(2014 WN365),2014-Dec-07 13:34 ±   00:01,15.8/0.0406,15.4/0.0396,8.10,8.10,78.4,25.0,2,APO*
(2014 HR198),2014-May-24 17:41 ±   01:55,15.8/0.0406,13.2/0.0339,3.40,3.38,10.5,28.5,3,AMO*
(2015 FK35),2015-Mar-02 07:12 ±   01:32,15.8/0.0407,14.5/0.0373,10.37,10.36,24.1,25.1,1,APO*
(2014 WD497),2014-Dec-15 21:50 ±   00:01,15.9/0.0409,15.7/0.0403,7.04,7.04,111,25.3,3,APO*
(2014 HY197),2014-May-06 14:11 ± 1_04:16,15.9/0.0409,14.7/0.0378,4.28,4.27,7.62,28.6,3,AMO*
(2014 EK24),2015-Feb-23 17:32 ±,15.9/0.0410,15.9/0.0410,2.88,2.86,1.39e+05,23.2,51,APO*
(2013 WT67),2014-Aug-17 20:19 ±,16.1/0.0412,16.1/0.0412,11.68,11.67,4.85e+06,18.0,68,APO*
(2014 YP44),2015-Jan-13 14:00 ±   14:37,16.2/0.0415,15.5/0.0399,3.21,3.19,93.7,26.1,2,ATE*
(2014 TZ17),2014-Sep-23 11:01 ±,16.2/0.0417,16.2/0.0417,8.26,8.25,7.42e+03,22.7,13,AMO*
(2014 UP191),2014-Nov-01 18:31 ±,16.3/0.0418,16.3/0.0418,7.32,7.31,970,23.2,9,APO*
154275 (2002 SR41),2014-Jun-09 05:41 ±,16.3/0.0419,16.3/0.0419,16.60,16.59,1.22e+06,20.1,72,APO*
(2014 MX),2014-Jun-20 22:31 ±,16.3/0.0420,16.3/0.0419,5.00,4.99,5.07e+03,24.1,10,AMO*
(2014 UM114),2014-Oct-08 19:51 ±   00:48,16.5/0.0425,16.2/0.0415,7.66,7.66,68,25.5,2,APO*
(2014 YB42),2015-Jan-04 05:33 ±   00:01,16.6/0.0426,16.5/0.0424,9.67,9.66,349,25.4,2,APO*
(2014 FR52),2014-Apr-30 04:09 ±,16.6/0.0426,16.6/0.0426,6.77,6.76,2.36e+03,23.9,23,AMO*
(2014 YA15),2014-Dec-30 17:36 ±,16.6/0.0427,16.5/0.0424,7.97,7.96,258,24.2,3,APO*
(2014 YQ8),2014-Dec-12 22:55 ±,16.6/0.0427,16.6/0.0427,8.55,8.54,7.09e+04,23.6,13,AMO*
(2014 WP4),2014-Nov-22 21:57 ±,16.6/0.0428,16.6/0.0427,8.08,8.07,902,24.3,9,AMO*
(2014 QD3),2014-Sep-01 01:19 ±,16.7/0.0428,16.5/0.0424,9.14,9.13,215,25.0,4,APO*
(2003 HM),2014-Apr-20 09:54 ±,16.7/0.0428,16.7/0.0428,13.77,13.77,1.8e+06,22.2,39,ATE*
(2015 DU198),2015-Mar-04 12:31 ±   00:01,16.7/0.0429,16.5/0.0423,8.34,8.33,138,25.8,4,APO*
(2014 UA57),2014-Nov-01 07:01 ±   00:03,16.7/0.0430,16.6/0.0428,7.01,7.00,315,25.9,2,APO*
(2014 RA12),2014-Aug-13 23:45 ±   00:02,16.8/0.0431,16.7/0.0430,7.49,7.49,2.7e+03,24.4,5,APO*
(2014 YQ9),2014-Dec-17 14:19 ±   00:03,16.8/0.0433,16.7/0.0429,7.22,7.21,184,25.6,2,APO*
(2014 TN),2014-Sep-26 15:56 ±,16.9/0.0433,16.6/0.0427,21.93,21.93,205,24.3,2,APO*
(2014 TO35),2014-Oct-08 19:47 ±,16.9/0.0435,16.9/0.0434,6.54,6.53,1.55e+03,24.5,12,AMO*
(2014 KY86),2014-May-25 02:03 ±,17.0/0.0436,16.8/0.0432,22.75,22.75,344,23.6,5,APO*
(2015 FC117),2015-Mar-22 06:45 ±,17.0/0.0437,16.9/0.0433,15.31,15.31,251,25.6,3,APO*
141527 (2002 FG7),2015-Mar-13 10:13 ±,17.1/0.0440,17.1/0.0440,19.02,19.01,2.02e+06,18.9,46,APO*
(2015 DS),2015-Mar-09 10:54 ±   00:01,17.1/0.0440,17.1/0.0440,3.41,3.39,916,24.9,8,AMO*
(2014 YD),2015-Jan-16 05:32 ±,17.2/0.0441,17.1/0.0441,3.10,3.08,4.39e+03,24.3,19,APO*
(2014 UV116),2014-Oct-27 21:41 ±,17.3/0.0444,17.2/0.0442,29.77,29.77,636,23.6,8,ATE*
(2014 HN178),2014-Jun-16 08:03 ±,17.3/0.0445,17.3/0.0445,6.81,6.80,1.16e+04,23.5,15,AMO*
(2014 TM35),2014-Oct-08 19:48 ±,17.3/0.0445,17.2/0.0443,17.51,17.50,483,23.7,10,APO*
(2014 WX202),2014-Jun-07 18:19 ±   00:06,17.4/0.0447,17.4/0.0447,1.10,1.04,5.34e+04,29.6,8,APO*
(2015 AE44),2015-Jan-12 12:57 ±,17.4/0.0448,17.4/0.0448,4.67,4.66,4.58e+03,24.5,16,APO*
(2014 MS5),2014-Jul-13 06:18 ±,17.5/0.0449,17.4/0.0447,11.85,11.84,516,22.7,5,APO*
(2015 AN44),2015-Jan-16 05:01 ±   00:01,17.5/0.0450,17.4/0.0447,8.59,8.58,260,25.2,3,APO*
(2014 MP5),2014-Aug-16 04:36 ±,17.5/0.0451,17.5/0.0451,8.98,8.97,6.3e+04,21.8,28,AMO*
(2014 TY33),2014-Oct-10 04:59 ±,17.6/0.0452,17.6/0.0452,10.57,10.57,6.44e+04,21.8,16,AMO*
(2014 JN25),2014-May-18 18:46 ±   00:03,17.6/0.0453,17.4/0.0447,5.28,5.27,131,26.5,3,AMO*
(2014 WR6),2014-Nov-27 20:19 ±,17.6/0.0453,17.6/0.0451,6.91,6.90,439,25.3,4,APO*
(2011 PT),2014-Oct-03 22:53 ±,17.7/0.0454,17.7/0.0454,2.71,2.68,2.21e+06,23.9,40,AMO*
(2015 DE54),2015-Feb-10 21:30 ±,17.7/0.0456,17.6/0.0451,24.88,24.88,503,24.6,5,APO*

