"Object","Close-Approach (CA) Date (TDB)YYYY-mmm-DD HH:MM ± D_HH:MM","CA DistanceNominal(LD/AU)","CA DistanceMinimum(LD/AU)","Vrelative(km/s)","Vinfinity(km/s)","Nsigma","H(mag)","ref","class"
"(2016 RH40)","2016-Sep-26 06:43 ±","18.76/0.04821","18.61/0.04783","9.35","9.34","238","24.4","5","APO*"
"(2016 SG)","2016-Sep-27 04:34 ±","2.34/0.00602","2.34/0.00600","15.79","15.76","653","26.6","3","APO*"
"(2015 SO2)","2016-Sep-30 00:22 ±","17.38/0.04465","17.38/0.04465","6.08","6.07","2.87e+04","23.9","15","ATE*"
"(2009 UG)","2016-Sep-30 05:32 ± 1_03:32","7.33/0.01884","4.81/0.01236","8.89","8.88","2.71e+04","23.2","13","ATE*"
"462959 (2011 DU)","2016-Oct-06 20:30 ±","15.16/0.03896","15.16/0.03896","8.72","8.71","1.72e+05","21.0","48","APO*"
"(2007 TR68)","2016-Oct-13 00:26 ±   17:05","19.42/0.04989","14.87/0.03820","7.55","7.54","6.32e+03","25.9","6","ATE*"
"(2014 UR)","2016-Oct-18 03:49 ±","11.96/0.03074","11.96/0.03074","4.31","4.29","3e+06","26.6","24","ATE*"
"413260 (2003 TL4)","2016-Oct-27 16:47 ±","10.06/0.02586","10.06/0.02586","10.35","10.34","3.85e+06","19.4","44","ATE*"
"164121 (2003 YT1)","2016-Oct-31 09:25 ±","13.53/0.03477","13.53/0.03477","24.06","24.06","5.65e+05","16.2","85","APO*"
"(2002 UQ12)","2016-Nov-07 06:01 ±","19.44/0.04996","19.44/0.04995","20.08","20.08","1.23e+05","22.2","10","APO*"
"(2004 KB)","2016-Nov-10 13:33 ± 1_05:06","10.01/0.02572","8.72/0.02241","13.52","13.51","910","21.1","12","APO*"
"433953 (1997 XR2)","2016-Nov-18 15:05 ±","18.51/0.04756","18.51/0.04756","6.35","6.34","5.75e+05","20.9","42","APO*"
"(2008 UL90)","2016-Dec-12 14:53 ±","15.23/0.03914","15.23/0.03914","13.15","13.15","1.69e+05","18.6","27","IEO*"
"(2015 YA)","2016-Dec-13 19:45 ±   00:14","9.61/0.02470","9.11/0.02340","8.00","7.99","3.73e+04","27.4","6","ATE*"
"(2015 XX169)","2016-Dec-13 20:23 ±","7.43/0.01909","7.20/0.01851","6.43","6.41","3.89e+03","27.4","4","ATE*"
"(2006 XD2)","2016-Dec-21 07:55 ±","18.86/0.04845","18.85/0.04844","13.59","13.58","5.15e+05","21.0","30","APO*"
"(2015 YQ1)","2016-Dec-21 16:09 ±   00:20","6.17/0.01585","5.58/0.01433","11.99","11.98","5.29e+04","28.0","7","APO*"
"(2012 YK)","2016-Dec-30 01:58 ±","16.87/0.04334","16.87/0.04334","10.51","10.50","4.35e+05","23.0","22","ATE*"
"226514 (2003 UX34)","2017-Jan-02 12:18 ±","19.03/0.04890","19.03/0.04890","20.65","20.65","2.77e+05","20.0","36","APO*"
"(2015 BB)","2017-Jan-18 08:36 ± 1_02:45","13.79/0.03543","13.40/0.03442","15.85","15.84","2.75e+04","24.9","3","APO*"
"(2005 VL1)","2017-Feb-04 09:20 ±   15:00","9.08/0.02334","3.52/0.00904","5.77","5.75","1.2e+04","27.0","12","ATE*"
"(2015 BN509)","2017-Feb-07 21:31 ±","16.21/0.04165","16.21/0.04165","19.37","19.37","3.8e+05","20.6","17","APO*"
"(2014 DV110)","2017-Feb-10 19:45 ±   17:21","9.85/0.02531","0.88/0.00225","7.95","7.94","4.6e+03","24.9","9","ATE*"
"(2015 QR3)","2017-Feb-12 11:42 ±   00:55","13.12/0.03371","12.65/0.03250","7.01","7.00","5e+04","25.7","5","APO*"
"(2016 CO246)","2017-Feb-22 02:06 ±   00:11","15.32/0.03937","15.30/0.03933","5.42","5.41","7.73e+04","26.0","8","APO*"
"5604 (1992 FE)","2017-Feb-24 10:03 ±","13.07/0.03360","13.07/0.03360","11.94","11.94","4.14e+05","17.1","98","ATE*"
"(2016 FU12)","2017-Feb-26 16:36 ±   00:37","16.25/0.04175","15.66/0.04024","3.88","3.86","396","26.9","3","APO*"
"(2012 DR32)","2017-Mar-02 16:52 ±   04:08","2.67/0.00687","2.26/0.00580","16.72","16.70","1.36e+04","24.6","5","ATE*"
"(2015 EF)","2017-Mar-10 03:40 ± 1_17:35","18.81/0.04834","2.26/0.00580","15.96","15.96","9.25e+03","26.8","4","APO*"
"(2012 EQ10)","2017-Mar-11 11:25 ± 2_10:23","17.33/0.04453","8.90/0.02288","7.68","7.67","1.02e+05","25.9","7","APO*"
"(1998 SL36)","2017-Mar-16 13:37 ±   00:03","8.35/0.02146","8.33/0.02142","14.83","14.82","1.97e+03","20.3","12","APO*"
"(2015 TC25)","2017-Mar-26 14:51 ±   00:06","7.63/0.01961","7.59/0.01951","3.31","3.27","3.14e+05","29.5","10","APO*"
"215588 (2003 HF2)","2017-Mar-28 19:43 ±","16.61/0.04268","16.61/0.04268","22.89","22.89","7.52e+04","19.4","59","APO*"
"(2014 UR)","2017-Apr-19 05:34 ±","18.74/0.04817","18.74/0.04817","4.39","4.38","4.6e+06","26.6","24","ATE*"
"(2014 JO25)","2017-Apr-19 12:24 ±","4.57/0.01175","4.57/0.01175","33.56","33.55","1.02e+05","18.1","21","APO*"
"(2015 VD1)","2017-May-07 23:07 ±   01:58","17.89/0.04598","16.08/0.04133","10.51","10.50","4.25e+04","25.1","11","APO*"
"(2012 EC)","2017-May-16 12:19 ±   00:26","19.45/0.04998","19.29/0.04957","4.54","4.52","6.08e+04","23.4","29","APO*"
"418094 (2007 WV4)","2017-Jun-01 12:09 ±","7.96/0.02045","7.96/0.02045","23.24","23.23","7.78e+04","19.3","31","APO*"
"(2010 VB1)","2017-Jun-16 05:03 ±   00:50","10.17/0.02612","9.75/0.02506","8.33","8.32","9.44e+04","23.4","15","APO*"
"471984 (2013 UE3)","2017-Jun-18 21:16 ±","19.03/0.04890","19.03/0.04889","7.69","7.68","1.82e+05","22.7","31","APO*"
"441987 (2010 NY65)","2017-Jun-24 06:38 ±","7.89/0.02028","7.89/0.02028","12.68","12.67","9.08e+06","21.5","66","ATE*"
"(2014 OA339)","2017-Aug-13 13:45 ± 1_06:31","12.66/0.03252","11.54/0.02964","10.12","10.11","5.35e+04","24.4","5","APO*"
"3122 Florence","2017-Sep-01 12:06 ±","18.38/0.04724","18.38/0.04724","13.53","13.53","4.38e+05","14.1","355","AMO*"
"(2014 RC)","2017-Sep-11 14:20 ±   00:07","15.10/0.03881","15.06/0.03870","8.92","8.92","7.83e+04","26.8","22","APO*"
"(2016 DY30)","2016-Feb-25 19:59 ±   00:02","0.04/9.6e-05","0.04/9.5e-05","17.35","15.67","245","30.5","2","APO*"
"(2016 RN41)","2016-Sep-11 14:56 ±","0.06/0.00016","0.06/0.00015","11.73","10.20","26.6","31.0","3","APO*"
"(2016 AH164)","2016-Jan-12 03:35 ±","0.07/0.00018","0.07/0.00018","8.63","6.67","1.85e+03","29.7","5","APO*"
"(2016 EF195)","2016-Mar-11 04:35 ±   00:20","0.08/0.00021","0.08/0.00021","10.06","8.72","694","25.5","5","APO*"
"(2015 VY105)","2015-Nov-15 02:40 ±","0.09/0.00023","0.09/0.00023","17.43","16.75","1.24e+03","29.0","6","APO*"
"(2016 AN164)","2016-Jan-14 14:55 ±","0.10/0.00025","0.10/0.00025","13.18","12.34","1.26e+03","30.4","2","APO*"
"(2016 RB1)","2016-Sep-07 17:20 ±","0.11/0.00027","0.11/0.00027","8.13","6.81","1.45e+04","27.8","12","ATE*"
"(2016 GN134)","2016-Apr-04 13:52 ±","0.15/0.00038","0.15/0.00038","13.90","13.39","1.9e+03","30.3","3","APO*"
"(2015 YJ)","2015-Dec-13 21:19 ±   00:03","0.19/0.00048","0.18/0.00047","16.72","16.38","465","28.2","6","APO*"
"(2016 LP10)","2016-Jun-09 18:32 ±","0.19/0.00048","0.19/0.00048","15.91","15.56","370","29.5","2","APO*"
"(2016 CM194)","2016-Feb-13 07:48 ±","0.20/0.00052","0.20/0.00052","12.00","11.57","8.53e+03","27.7","4","APO*"
"(2016 QA2)","2016-Aug-28 01:26 ±","0.23/0.00058","0.23/0.00058","10.27","9.81","7.96e+04","25.2","4","ATE*"
"(2015 VU64)","2015-Nov-06 23:09 ±","0.26/0.00067","0.26/0.00067","4.48","3.48","4.66e+03","30.6","3","ATE*"
"(2016 AQ164)","2016-Jan-10 14:15 ±","0.27/0.00070","0.27/0.00069","14.16","13.88","282","29.8","2","APO*"
"(2015 TC25)","2015-Oct-13 07:32 ±","0.29/0.00074","0.29/0.00074","4.43","3.53","9.87e+03","29.5","10","APO*"
"(2016 DB)","2016-Feb-15 04:50 ±","0.32/0.00083","0.32/0.00083","9.45","9.10","1.72e+03","28.5","2","ATE*"
"(2016 RR1)","2016-Sep-02 16:15 ±","0.34/0.00086","0.34/0.00086","7.22","6.78","1.03e+03","27.7","8","APO*"
"(2015 UM52)","2015-Oct-22 19:19 ±","0.34/0.00087","0.34/0.00087","7.88","7.49","1.84e+03","27.8","5","APO*"
"(2016 LT1)","2016-Jun-07 20:25 ±","0.38/0.00097","0.38/0.00097","7.48","7.10","1.04e+04","29.3","5","APO*"
"(2016 SJ)","2016-Sep-21 18:28 ±","0.39/0.00100","0.39/0.00100","13.70","13.51","1.27e+03","29.0","2","APO*"
"(2016 CG18)","2016-Feb-06 13:30 ±","0.39/0.00101","0.39/0.00101","4.88","4.31","9.04e+03","28.5","8","ATE*"
"(2016 EV28)","2016-Mar-08 05:06 ±","0.40/0.00103","0.40/0.00103","25.64","25.53","6.1e+03","28.5","3","APO*"
"(2016 FC1)","2016-Mar-14 14:27 ±","0.44/0.00112","0.43/0.00112","16.18","16.04","472","29.1","2","APO*"
"(2016 FU6)","2016-Mar-25 19:19 ±   00:01","0.47/0.00120","0.46/0.00119","10.27","10.05","1.31e+03","28.9","2","APO*"
"(2016 AN165)","2016-Jan-13 14:44 ±","0.47/0.00120","0.47/0.00120","10.98","10.78","2.82e+03","27.7","4","APO*"
"(2016 RS1)","2016-Sep-03 00:30 ±","0.50/0.00127","0.49/0.00127","7.11","6.81","388","29.1","1","APO*"
"(2016 GS134)","2016-Apr-01 05:56 ±","0.52/0.00133","0.52/0.00133","11.24","11.06","1.01e+03","27.9","8","APO*"
"(2016 DA31)","2016-Feb-29 15:57 ±","0.52/0.00133","0.51/0.00132","13.79","13.65","188","29.9","4","APO*"
"(2016 EK1)","2016-Mar-03 18:06 ±","0.53/0.00135","0.53/0.00135","18.49","18.38","3.15e+03","29.1","2","APO*"
"(2016 JS5)","2016-May-05 22:47 ±","0.53/0.00136","0.53/0.00135","16.08","15.96","6.03e+03","30.6","3","APO*"
"(2016 CW264)","2016-Feb-10 11:38 ±","0.55/0.00141","0.54/0.00140","24.48","24.40","416","29.8","2","APO*"
"(2015 WP2)","2015-Nov-20 01:43 ±","0.60/0.00154","0.60/0.00153","12.84","12.70","986","30.1","2","APO*"
"(2016 EL1)","2016-Mar-04 11:54 ±","0.60/0.00154","0.60/0.00154","20.13","20.04","2.67e+03","27.8","2","APO*"
"(2016 NK22)","2016-Jul-11 13:15 ±","0.69/0.00177","0.69/0.00177","7.12","6.90","2.64e+03","28.9","3","APO*"
"(2016 FE15)","2016-Mar-28 14:18 ±","0.70/0.00180","0.70/0.00180","12.29","12.17","709","28.8","4","APO*"
"(2015 VP64)","2015-Nov-05 09:15 ±","0.73/0.00187","0.73/0.00187","20.45","20.38","713","28.3","4","APO*"
"(2016 NJ22)","2016-Jul-07 10:14 ±","0.74/0.00191","0.74/0.00191","7.00","6.79","2.78e+03","28.4","2","ATE*"
"(2015 XY261)","2015-Dec-15 13:52 ±","0.75/0.00193","0.75/0.00193","11.92","11.80","3.13e+03","27.2","5","APO*"
"(2016 FW13)","2016-Apr-05 02:21 ±","0.82/0.00210","0.82/0.00210","10.46","10.34","1.15e+03","29.4","5","APO*"
"(2016 DK2)","2016-Feb-26 07:19 ±","0.83/0.00212","0.82/0.00212","18.74","18.67","812","29.1","2","APO*"
"(2016 EN157)","2016-Mar-10 02:47 ±","0.84/0.00216","0.84/0.00215","12.56","12.47","706","28.0","2","APO*"
"(2016 GO206)","2016-Apr-06 20:02 ±   00:02","0.86/0.00220","0.85/0.00220","22.54","22.48","1.32e+03","26.5","4","APO*"
"(2016 GO134)","2016-Apr-08 19:34 ±","0.86/0.00222","0.86/0.00221","15.26","15.18","904","27.3","2","APO*"
"(2016 LR51)","2016-Jun-05 04:30 ±","0.91/0.00235","0.90/0.00232","11.48","11.38","191","27.4","1","APO*"
"(2016 FZ13)","2016-Mar-23 03:54 ±   00:01","0.98/0.00252","0.98/0.00251","4.50","4.26","824","28.3","5","ATE*"
"(2016 FN56)","2016-Mar-21 08:33 ±   00:21","1.00/0.00257","0.92/0.00236","24.65","24.61","107","24.2","2","APO*"
"(2015 TQ21)","2015-Oct-07 00:49 ±","1.01/0.00259","1.00/0.00258","19.97","19.92","1.02e+03","27.4","6","APO*"
"(2015 VO142)","2015-Nov-24 02:23 ±","1.02/0.00262","1.02/0.00262","3.12","2.78","5.71e+03","29.0","12","APO*"
"(2016 DV1)","2016-Mar-03 05:17 ±","1.03/0.00264","1.03/0.00264","18.07","18.02","1.9e+04","24.9","20","APO*"
"(2016 EG1)","2016-Mar-05 01:24 ±","1.14/0.00293","1.14/0.00293","12.36","12.29","1.25e+03","29.1","4","APO*"
"(2016 LE10)","2016-Jun-09 08:43 ±","1.18/0.00304","1.18/0.00304","12.20","12.13","1.25e+03","27.1","3","APO*"
"(2016 RE34)","2016-Sep-11 02:41 ±","1.19/0.00305","1.19/0.00305","4.85","4.67","1.74e+03","28.3","3","APO*"
"(2016 FB13)","2016-Apr-03 01:34 ±","1.23/0.00317","1.23/0.00317","18.06","18.01","3.07e+03","26.7","6","APO*"
"(2016 NA)","2016-Jul-01 16:56 ±","1.26/0.00323","1.26/0.00323","7.49","7.38","3.73e+03","26.9","3","APO*"
"(2015 TB145)","2015-Oct-31 17:01 ±","1.27/0.00325","1.27/0.00325","34.95","34.92","2.84e+06","20.0","58","APO*"
"(2016 JN38)","2016-Apr-30 02:27 ±   02:05","1.28/0.00329","1.15/0.00295","19.79","19.75","27.6","29.1","2","APO*"
"(2015 SZ2)","2015-Sep-30 07:54 ±","1.32/0.00338","1.32/0.00338","6.14","6.01","5.86e+05","25.4","20","APO*"
"(2016 JB18)","2016-Apr-13 03:23 ±   00:14","1.32/0.00338","1.31/0.00337","3.45","3.22","947","27.4","12","APO*"
"(2015 XR169)","2015-Dec-13 16:35 ±","1.32/0.00339","1.32/0.00338","9.51","9.43","1.04e+03","28.7","6","APO*"
"(2016 SF1)","2016-Sep-10 14:43 ±   00:22","1.32/0.00340","1.29/0.00330","8.59","8.50","63.2","24.7","1","APO*"
"(2016 RK40)","2016-Sep-07 23:01 ±   00:01","1.35/0.00346","1.34/0.00344","14.68","14.63","305","27.4","1","APO*"
"(2016 EM156)","2016-Mar-16 06:24 ±","1.38/0.00355","1.38/0.00355","9.00","8.91","7.4e+03","27.9","10","APO*"
"(2016 GE1)","2016-Apr-05 11:29 ±","1.38/0.00356","1.38/0.00355","10.05","9.98","2.95e+03","26.6","5","APO*"
"(2016 EU84)","2016-Mar-08 08:35 ±","1.39/0.00357","1.39/0.00357","2.67","2.37","7e+03","29.0","8","ATE*"
"(2016 EO28)","2016-Feb-29 03:57 ±","1.40/0.00360","1.40/0.00359","7.20","7.10","849","29.2","11","APO*"
"(2016 EW85)","2016-Mar-16 13:10 ±","1.43/0.00367","1.43/0.00367","12.96","12.90","1.86e+03","27.6","6","APO*"
"(2016 AN66)","2015-Dec-31 17:22 ±   00:05","1.45/0.00372","1.44/0.00371","5.44","5.31","655","27.3","7","APO*"
"(2015 YQ1)","2015-Dec-22 02:06 ±","1.45/0.00372","1.45/0.00372","12.38","12.32","1.98e+03","28.0","7","APO*"
"(2015 XP)","2015-Dec-05 13:44 ±","1.45/0.00372","1.45/0.00372","8.14","8.05","2.09e+03","25.8","5","APO*"
"(2016 LA49)","2016-Jun-12 01:51 ±","1.47/0.00377","1.47/0.00377","5.03","4.88","1.97e+03","27.5","6","APO*"
"(2015 YA)","2015-Dec-15 04:49 ±","1.50/0.00385","1.50/0.00384","8.77","8.69","1.08e+03","27.4","6","ATE*"
"(2016 CH30)","2016-Feb-07 22:32 ±","1.50/0.00386","1.50/0.00386","5.56","5.43","2.2e+03","28.0","3","ATE*"
"(2016 GP221)","2016-Apr-18 06:21 ±","1.54/0.00396","1.54/0.00395","19.79","19.75","1.45e+03","25.9","5","APO*"
"(2016 EN156)","2016-Mar-19 09:10 ±","1.57/0.00402","1.56/0.00402","7.86","7.78","2.25e+03","27.8","8","APO*"
"(2016 JQ5)","2016-May-09 09:49 ±","1.57/0.00404","1.57/0.00404","10.07","10.00","3.63e+03","28.1","6","APO*"
"(2015 WZ1)","2015-Nov-22 17:59 ±","1.59/0.00408","1.58/0.00407","16.50","16.46","1.45e+03","29.6","3","APO*"
"(2016 JD18)","2016-May-16 23:25 ±","1.63/0.00418","1.63/0.00418","14.86","14.82","5.94e+04","24.7","23","APO*"
"(2015 VN64)","2015-Nov-03 17:41 ±","1.64/0.00422","1.63/0.00420","15.82","15.78","413","27.5","5","APO*"
"(2016 FA14)","2016-Mar-28 06:32 ±","1.65/0.00424","1.65/0.00423","15.24","15.20","772","27.2","5","APO*"
"(2016 CN31)","2016-Jan-30 03:21 ±   00:02","1.70/0.00437","1.69/0.00433","14.15","14.11","245","27.3","2","APO*"
"(2016 CE)","2016-Feb-04 23:27 ±","1.74/0.00448","1.74/0.00447","8.18","8.11","3.4e+03","28.5","3","ATE*"
"(2016 CL137)","2016-Feb-05 15:33 ±   00:01","1.81/0.00464","1.80/0.00463","21.37","21.34","764","25.8","3","APO*"
"(2016 FV13)","2016-Apr-11 00:13 ±","1.81/0.00465","1.81/0.00465","10.96","10.91","2.95e+03","26.0","10","APO*"
"(2016 LY10)","2016-Jun-10 02:55 ±","1.81/0.00466","1.81/0.00466","6.94","6.86","1.9e+03","28.5","2","APO*"
"(2016 DN2)","2016-Mar-05 13:48 ±","1.82/0.00468","1.82/0.00467","8.99","8.92","3.04e+03","26.9","7","APO*"
"(2015 WJ2)","2015-Nov-17 13:19 ±   00:03","1.82/0.00468","1.80/0.00462","19.71","19.68","184","26.0","2","APO*"
"(2015 VK1)","2015-Oct-31 05:36 ±","1.84/0.00472","1.83/0.00471","14.63","14.59","920","26.6","10","ATE*"
"(2016 EG28)","2016-Mar-03 14:56 ±","1.85/0.00476","1.85/0.00476","14.78","14.75","1.47e+03","28.0","10","APO*"
"(2016 RR19)","2016-Sep-04 09:58 ±","1.86/0.00477","1.85/0.00474","10.65","10.60","368","28.6","1","APO*"
"(2016 LG10)","2016-Jun-03 10:09 ±","1.86/0.00479","1.86/0.00478","8.65","8.58","2.86e+03","25.6","11","APO*"
"(2016 CO248)","2016-Feb-09 11:56 ±","1.86/0.00479","1.86/0.00478","4.94","4.83","963","27.5","8","ATE*"
"(2016 NO56)","2016-Jul-06 20:59 ±","1.90/0.00489","1.90/0.00488","12.11","12.07","829","25.7","1","APO*"
"(2015 YM1)","2015-Dec-15 22:29 ±","1.95/0.00500","1.94/0.00499","6.90","6.82","1.33e+03","28.4","7","APO*"
"(2016 CN248)","2016-Feb-14 01:11 ±","1.97/0.00507","1.97/0.00506","13.45","13.41","1.65e+03","27.3","2","APO*"
"(2016 CC136)","2016-Feb-09 10:04 ±","2.07/0.00532","2.07/0.00532","6.48","6.41","6.44e+03","28.8","4","ATE*"
"(2016 HO)","2016-Apr-24 12:29 ±","2.10/0.00540","2.10/0.00540","4.78","4.67","1.61e+04","25.7","8","APO*"
"(2015 VL64)","2015-Nov-03 14:48 ±","2.12/0.00545","2.12/0.00544","8.58","8.52","726","28.3","4","ATE*"
"(2016 GH1)","2016-Apr-05 07:16 ±","2.15/0.00551","2.14/0.00551","5.40","5.31","4.03e+03","27.5","3","APO*"
"(2016 CU246)","2016-Feb-12 08:08 ±","2.15/0.00553","2.15/0.00552","15.81","15.77","1.27e+03","26.5","7","ATE*"
"(2016 KO)","2016-May-25 19:04 ±","2.19/0.00562","2.18/0.00561","7.32","7.25","895","26.5","7","ATE*"
"(2016 HD3)","2016-May-02 06:09 ±","2.19/0.00564","2.19/0.00564","6.89","6.82","2.05e+05","28.0","15","ATE*"
"(2016 AM2)","2015-Dec-27 19:39 ±   00:07","2.21/0.00567","2.20/0.00564","11.99","11.95","375","26.9","2","APO*"
"(2015 XT378)","2015-Dec-10 11:59 ±","2.25/0.00578","2.23/0.00574","7.56","7.50","241","27.9","2","ATE*"
"(2016 RO17)","2016-Sep-08 03:37 ±","2.29/0.00590","2.29/0.00589","16.01","15.98","1.79e+03","26.4","1","APO*"
"(2016 EM157)","2016-Mar-10 10:17 ±","2.30/0.00592","2.30/0.00590","8.72","8.67","551","26.9","4","ATE*"
"(2015 TN21)","2015-Oct-10 22:17 ±","2.32/0.00597","2.32/0.00596","13.06","13.02","2.16e+03","27.2","5","APO*"
"(2016 CH137)","2016-Feb-07 20:39 ±","2.35/0.00604","2.35/0.00603","26.38","26.36","1.8e+03","25.8","6","APO*"
"(2016 FF14)","2016-Mar-28 21:56 ±","2.36/0.00607","2.36/0.00607","9.86","9.82","1.43e+03","27.1","5","APO*"
"(2016 CA29)","2016-Feb-07 05:22 ±","2.39/0.00613","2.38/0.00612","6.88","6.82","2.11e+03","28.7","7","APO*"
"(2015 XX128)","2015-Dec-14 00:13 ±","2.40/0.00616","2.40/0.00616","3.69","3.57","3.88e+04","26.0","9","APO*"
"(2016 RO20)","2016-Sep-11 12:48 ±","2.45/0.00630","2.45/0.00629","15.65","15.62","1.42e+03","27.2","1","APO*"
"(2015 XN55)","2015-Dec-15 05:33 ±","2.46/0.00632","2.46/0.00632","6.22","6.15","4.32e+03","27.2","20","APO*"
"(2015 VY)","2015-Nov-06 10:39 ±","2.49/0.00641","2.49/0.00640","9.81","9.77","3.51e+03","26.2","6","APO*"
"(2016 DE1)","2016-Feb-25 04:19 ±","2.51/0.00645","2.51/0.00644","19.56","19.54","2.15e+03","25.3","5","APO*"
"(2016 CJ31)","2016-Jan-29 17:32 ±","2.51/0.00645","2.49/0.00640","13.28","13.25","290","27.6","2","APO*"
"(2016 RN20)","2016-Sep-08 16:57 ±   00:02","2.52/0.00647","2.51/0.00645","3.23","3.10","605","28.2","1","APO*"
"(2016 JA6)","2016-May-02 03:45 ±","2.52/0.00648","2.52/0.00648","11.23","11.19","2.98e+03","26.4","15","APO*"
"(2015 VP105)","2015-Nov-11 05:25 ±","2.54/0.00653","2.54/0.00652","18.02","18.00","2.74e+03","25.6","3","APO*"
"(2016 CD30)","2016-Feb-01 06:48 ±","2.56/0.00658","2.55/0.00655","10.70","10.66","397","27.8","7","APO*"
"(2016 RD34)","2016-Sep-07 14:31 ±   00:06","2.56/0.00659","2.56/0.00658","1.44","1.12","1.74e+03","27.2","5","APO*"
"(2016 MA)","2016-Jun-19 04:34 ±","2.60/0.00668","2.60/0.00667","8.87","8.83","1.32e+03","27.5","2","APO*"
"(2015 XN261)","2015-Dec-23 12:37 ±","2.64/0.00678","2.64/0.00678","4.95","4.87","3.6e+03","26.2","17","ATE*"
"(2016 FZ12)","2016-Mar-18 18:52 ±   00:06","2.65/0.00680","2.63/0.00676","8.22","8.18","336","26.7","3","APO*"
"(2016 GU)","2016-Apr-11 09:46 ±","2.69/0.00691","2.69/0.00691","10.34","10.30","4.06e+03","25.7","11","APO*"
"(2016 FC)","2016-Mar-12 20:59 ±","2.81/0.00723","2.81/0.00722","5.70","5.64","7.56e+03","26.6","19","APO*"
"(2016 BA15)","2016-Feb-01 07:58 ±","2.87/0.00738","2.87/0.00737","15.85","15.83","1.74e+03","26.8","4","APO*"
"(2016 JY5)","2016-Apr-30 04:29 ±","2.88/0.00740","2.87/0.00738","6.42","6.37","1.16e+03","27.1","6","APO*"
"(2016 JA)","2016-Apr-24 22:35 ±","2.89/0.00741","2.88/0.00740","7.41","7.36","1.08e+03","27.5","13","APO*"
"(2016 AF2)","2015-Dec-26 05:41 ±","2.91/0.00747","2.90/0.00745","5.93","5.87","591","27.9","6","ATE*"
"(2016 HX23)","2016-Apr-25 08:23 ±   00:18","2.93/0.00753","2.87/0.00738","13.87","13.85","107","27.0","3","APO*"
"(2016 LG)","2016-Jun-06 12:05 ±","2.94/0.00756","2.94/0.00756","6.13","6.08","1.17e+06","25.3","28","APO*"
"(2015 XH55)","2015-Nov-29 02:37 ±","2.95/0.00758","2.94/0.00756","7.11","7.07","619","29.3","2","APO*"
"(2016 CB248)","2016-Feb-13 13:42 ±","3.03/0.00780","3.03/0.00779","11.26","11.23","1.42e+03","26.7","9","APO*"
"(2016 JZ5)","2016-May-02 07:47 ±","3.04/0.00781","3.04/0.00780","7.82","7.78","1.69e+03","27.0","4","APO*"
"(2015 VR64)","2015-Nov-12 20:12 ±","3.04/0.00781","3.04/0.00781","7.45","7.41","3.34e+03","27.4","9","APO*"
"(2016 GK2)","2016-Mar-27 01:34 ±","3.07/0.00788","3.06/0.00786","9.38","9.35","727","27.8","7","APO*"
"(2016 ES85)","2016-Mar-16 08:16 ±","3.07/0.00789","3.07/0.00788","3.23","3.12","1.57e+03","29.7","6","ATE*"
"(2016 SC)","2016-Sep-25 10:57 ±","3.09/0.00793","3.08/0.00792","5.35","5.29","1.38e+03","27.8","2","APO*"
"(2016 ET1)","2016-Feb-29 00:51 ±","3.11/0.00799","3.10/0.00797","5.50","5.44","731","28.9","3","APO*"
"(2016 GX220)","2016-Apr-12 07:19 ±","3.15/0.00808","3.14/0.00808","4.42","4.34","2.88e+03","28.7","3","APO*"
"(2016 AB166)","2016-Jan-12 00:30 ±","3.21/0.00826","3.21/0.00826","21.73","21.72","8.77e+03","24.4","9","APO*"
"(2016 LK49)","2016-Jun-16 16:17 ±","3.22/0.00828","3.21/0.00826","19.98","19.97","1.19e+03","26.0","5","APO*"
"(2016 NC56)","2016-Jul-06 06:50 ±   00:01","3.29/0.00845","3.28/0.00842","14.64","14.62","660","27.1","1","APO*"
"(2016 BY)","2016-Jan-21 14:49 ±","3.33/0.00855","3.32/0.00853","17.32","17.30","1.38e+03","26.1","5","APO*"
"(2015 XC)","2015-Dec-08 10:20 ±","3.34/0.00859","3.34/0.00859","8.16","8.12","8.81e+05","25.2","16","APO*"
"(2016 GS2)","2016-May-18 02:03 ±","3.40/0.00875","3.40/0.00874","8.01","7.98","6.48e+05","23.0","43","APO*"
"(2015 VC1)","2015-Oct-22 21:26 ±   00:01","3.41/0.00876","3.40/0.00874","4.30","4.23","540","27.2","7","APO*"
"(2016 CD31)","2016-Feb-12 07:17 ±","3.42/0.00878","3.41/0.00877","14.36","14.34","2.02e+03","26.9","7","APO*"
"(2016 QB11)","2016-Aug-31 20:57 ±","3.45/0.00886","3.44/0.00884","22.64","22.62","1.18e+03","25.8","4","APO*"
"(2016 EO156)","2016-Mar-19 02:10 ±","3.55/0.00912","3.54/0.00911","5.87","5.82","858","28.9","6","APO*"
"(2015 WV12)","2015-Nov-28 08:57 ±","3.56/0.00915","3.56/0.00914","8.65","8.62","1.8e+03","26.9","7","APO*"
"(2016 NL39)","2016-Jul-06 21:28 ±","3.61/0.00927","3.60/0.00926","4.28","4.22","2.47e+03","27.6","19","APO*"
"(2016 LV)","2016-Jun-01 23:43 ±","3.61/0.00927","3.61/0.00927","10.36","10.33","3.09e+03","23.1","13","APO*"
"(2016 QL44)","2016-Sep-17 14:28 ±","3.61/0.00928","3.60/0.00925","13.75","13.73","636","25.1","8","APO*"
"(2016 RY17)","2016-Sep-09 18:01 ±","3.62/0.00930","3.62/0.00929","11.14","11.12","1.55e+03","25.4","1","APO*"
"(2016 CK31)","2016-Feb-09 14:43 ±","3.64/0.00936","3.64/0.00935","7.41","7.37","3.01e+03","27.1","6","APO*"
"(2016 CE31)","2016-Jan-31 09:51 ±","3.73/0.00960","3.73/0.00958","7.38","7.34","1.17e+03","27.6","8","APO*"
"(2014 UR)","2015-Oct-18 09:03 ±","3.81/0.00980","3.81/0.00980","4.40","4.34","3.54e+06","26.6","24","ATE*"
"(2015 VK64)","2015-Nov-03 19:28 ±   00:01","3.84/0.00986","3.83/0.00984","11.26","11.24","1.09e+03","27.4","2","APO*"
"(2015 XG352)","2015-Dec-01 14:50 ±","3.85/0.00988","3.83/0.00985","14.32","14.30","674","25.5","3","APO*"
"(2016 JX24)","2016-May-04 00:09 ±","3.91/0.01005","3.90/0.01003","6.02","5.97","620","25.5","6","ATE*"
"(2016 CK137)","2016-Feb-02 09:42 ±","3.92/0.01006","3.89/0.00999","10.16","10.13","268","27.4","4","APO*"
"(2015 YC1)","2015-Dec-22 12:35 ±","3.92/0.01008","3.92/0.01006","8.06","8.02","1.31e+03","26.1","7","APO*"
"(2016 ED1)","2016-Mar-01 14:05 ±","3.97/0.01021","3.97/0.01019","9.24","9.21","1.23e+03","25.8","4","APO*"
"(2015 TG24)","2015-Oct-12 08:06 ±","3.99/0.01026","3.99/0.01025","9.62","9.59","2.46e+03","26.7","6","ATE*"
"(2015 XD169)","2015-Dec-06 02:29 ±","4.06/0.01042","4.05/0.01042","3.85","3.78","2.6e+03","26.9","14","APO*"
"(2016 RU1)","2016-Sep-03 15:45 ±","4.09/0.01051","4.08/0.01049","10.21","10.19","1.07e+03","27.6","5","APO*"
"(2016 JB)","2016-May-04 10:29 ±","4.09/0.01052","4.09/0.01051","5.78","5.74","3.57e+03","27.0","12","ATE*"
"(2016 EJ85)","2016-Mar-06 01:03 ±","4.10/0.01053","4.09/0.01052","7.45","7.42","1.81e+03","25.7","11","APO*"
"(2016 BF1)","2016-Jan-12 13:56 ±","4.15/0.01067","4.13/0.01062","8.21","8.18","348","25.4","5","APO*"
"(2015 TZ143)","2015-Oct-22 05:43 ±","4.20/0.01080","4.20/0.01078","10.25","10.23","1.33e+03","26.3","9","APO*"
"(2016 CH29)","2016-Jan-29 15:04 ±","4.24/0.01090","4.23/0.01086","15.19","15.17","651","26.2","3","APO*"
"(2015 TM145)","2015-Oct-07 11:47 ±","4.26/0.01095","4.22/0.01085","21.57","21.56","285","24.7","5","APO*"
"(2016 NN15)","2016-Jul-08 06:02 ±","4.31/0.01108","4.31/0.01108","7.94","7.91","3.65e+04","26.8","6","AMO*"
"(2016 GY2)","2016-Apr-03 11:56 ±","4.33/0.01112","4.31/0.01108","9.96","9.93","565","26.1","2","ATE*"
"(2016 AV64)","2016-Jan-01 18:58 ±","4.33/0.01113","4.29/0.01101","14.63","14.62","215","27.0","2","APO*"
"(2015 UR67)","2015-Oct-27 10:10 ±","4.37/0.01123","4.36/0.01121","12.27","12.25","1.15e+03","26.3","14","APO*"
"(2016 GB222)","2016-Apr-21 02:25 ±","4.42/0.01136","4.41/0.01134","11.58","11.56","926","26.8","8","APO*"
"(2016 GD207)","2016-Apr-22 10:28 ±","4.43/0.01139","4.42/0.01136","6.33","6.29","647","25.9","9","APO*"
"(2016 FG39)","2016-Apr-10 08:22 ±","4.44/0.01141","4.42/0.01136","7.65","7.62","461","26.8","5","APO*"
"(2016 EK85)","2016-Mar-03 10:19 ±","4.46/0.01147","4.46/0.01145","17.03","17.02","1.64e+03","25.9","10","APO*"
"(2015 XG55)","2015-Nov-30 10:08 ±","4.51/0.01158","4.48/0.01152","17.67","17.66","509","27.7","2","APO*"
"(2016 OA)","2016-Jul-18 08:15 ±","4.51/0.01159","4.50/0.01155","17.63","17.61","696","25.4","2","APO*"
"(2016 EL157)","2016-Mar-18 11:51 ±","4.54/0.01167","4.54/0.01165","11.51","11.49","1.38e+03","27.1","8","APO*"
"(2016 LC9)","2016-May-31 14:37 ±","4.55/0.01169","4.54/0.01168","4.07","4.01","1.37e+03","27.0","3","ATE*"
"(2016 GF2)","2016-Apr-08 03:22 ±","4.61/0.01185","4.59/0.01179","13.03","13.02","392","26.6","5","APO*"
"(2016 HF2)","2016-Apr-21 14:27 ±","4.62/0.01188","4.62/0.01186","6.24","6.21","1.29e+03","26.2","12","ATE*"
"(2016 DX30)","2016-Feb-09 07:51 ±","4.63/0.01191","4.61/0.01186","10.64","10.62","429","26.5","2","APO*"
"(2016 HK)","2016-May-01 01:28 ±","4.65/0.01195","4.65/0.01195","7.59","7.56","1.68e+05","24.8","13","ATE*"
"(2016 DL1)","2016-Mar-01 18:22 ±","4.68/0.01202","4.68/0.01201","8.61","8.59","3.15e+03","26.8","6","APO*"
"(2015 TK21)","2015-Oct-12 07:02 ±","4.77/0.01227","4.77/0.01225","10.38","10.36","1.01e+03","26.4","8","APO*"
"(2016 CK248)","2016-Feb-24 09:29 ±","4.81/0.01237","4.80/0.01233","9.78","9.76","564","26.8","4","APO*"
"(2015 WN1)","2015-Nov-13 18:51 ±","4.83/0.01242","4.82/0.01238","9.28","9.26","662","26.5","7","APO*"
"(2016 ND39)","2016-Jul-16 16:46 ±","4.86/0.01248","4.86/0.01248","13.58","13.57","1.97e+05","25.2","5","APO*"
"(2016 CW30)","2016-Feb-12 15:35 ±","4.89/0.01257","4.88/0.01253","12.20","12.18","665","26.7","6","APO*"
"(2016 JG29)","2016-May-09 00:54 ±","4.90/0.01258","4.88/0.01254","14.63","14.62","561","25.4","5","APO*"
"(2015 YC2)","2016-Jan-15 07:21 ±","4.93/0.01266","4.92/0.01264","15.43","15.42","2.37e+03","23.3","20","APO*"
"(2008 HU4)","2016-Apr-16 09:31 ±","4.94/0.01269","4.94/0.01269","1.44","1.28","2.75e+05","28.2","23","APO*"
"(2016 BV)","2016-Jan-13 07:52 ±","5.00/0.01285","4.94/0.01270","10.29","10.27","168","26.0","3","APO*"
"(2016 CS247)","2016-Feb-09 02:16 ±","5.02/0.01291","5.02/0.01290","3.98","3.93","4.44e+03","25.5","18","APO*"
"(2015 XP169)","2015-Dec-05 02:31 ±","5.03/0.01292","5.01/0.01286","10.47","10.45","424","26.1","6","APO*"
"(2015 YH)","2015-Dec-10 22:39 ±   00:02","5.03/0.01294","4.96/0.01274","6.91","6.88","115","27.9","2","APO*"
"(2015 XC352)","2015-Dec-30 19:01 ±","5.18/0.01332","5.18/0.01332","4.60","4.55","3.43e+05","25.7","18","APO*"
"(2016 HT6)","2016-Apr-15 14:26 ±   00:23","5.21/0.01340","5.10/0.01311","10.76","10.74","94.3","25.7","3","APO*"
"(2015 VU65)","2015-Nov-14 22:04 ±","5.23/0.01343","5.21/0.01339","13.36","13.34","793","26.4","10","APO*"
"(2016 GK134)","2016-Apr-09 11:57 ±","5.23/0.01343","5.21/0.01338","11.32","11.30","541","27.3","3","APO*"
"(2015 XV351)","2015-Dec-29 01:12 ±   00:02","5.36/0.01377","5.34/0.01372","6.21","6.18","4.26e+03","26.0","5","APO*"
"(2016 FX13)","2016-Mar-16 18:38 ±   00:25","5.40/0.01386","5.06/0.01301","14.43","14.41","84","26.7","3","APO*"
"(2016 EB1)","2016-Mar-10 06:16 ±","5.40/0.01389","5.40/0.01387","14.47","14.46","2.01e+03","25.4","9","APO*"
"(2015 UK)","2015-Oct-10 09:33 ±   00:03","5.45/0.01400","5.39/0.01384","9.93","9.91","173","26.4","2","APO*"
"(2015 VM64)","2015-Nov-10 21:57 ±","5.46/0.01403","5.45/0.01401","18.64","18.63","1.48e+03","26.1","8","APO*"
"(2016 LB)","2016-Jun-03 09:07 ±","5.50/0.01413","5.50/0.01412","16.73","16.72","2.73e+03","22.8","8","APO*"
"(2016 JU5)","2016-Apr-28 12:36 ±   00:02","5.50/0.01414","5.32/0.01366","18.80","18.79","69.4","26.2","2","APO*"
"(2015 YE1)","2015-Dec-22 11:29 ±","5.52/0.01419","5.51/0.01417","10.30","10.28","1.22e+03","27.4","9","APO*"
"(2015 VN105)","2015-Nov-16 09:23 ±","5.54/0.01423","5.52/0.01419","11.01","10.99","662","27.6","6","APO*"
"(2016 JW28)","2016-May-14 12:21 ±","5.56/0.01428","5.53/0.01422","12.40","12.38","465","25.4","4","APO*"
"(2015 YT)","2015-Dec-10 07:38 ±   00:03","5.57/0.01431","5.54/0.01424","8.32","8.30","352","25.8","3","ATE*"
"(2016 CZ247)","2016-Feb-10 06:51 ±   00:02","5.58/0.01434","5.52/0.01418","11.69","11.67","183","26.9","3","APO*"
"(2016 GW220)","2016-Apr-10 23:41 ±","5.66/0.01455","5.65/0.01452","13.24","13.22","1.3e+03","26.6","6","APO*"
"(2016 RF34)","2016-Sep-12 15:31 ±","5.67/0.01457","5.66/0.01455","8.18","8.16","1.95e+03","24.4","5","APO*"
"(2016 BN14)","2016-Jan-24 05:52 ±   00:04","5.67/0.01458","5.63/0.01447","22.42","22.41","381","26.5","2","APO*"
"(2015 WB1)","2015-Nov-15 20:50 ±","5.74/0.01476","5.73/0.01473","15.31","15.29","1.51e+03","23.5","15","APO*"
"(2016 ES155)","2016-Mar-17 16:17 ±","5.75/0.01476","5.72/0.01471","21.47","21.46","662","24.3","7","APO*"
"(2016 KL)","2016-Jun-11 00:12 ±","5.75/0.01477","5.74/0.01475","9.01","8.99","1.49e+03","25.8","12","APO*"
"(2015 TA238)","2015-Oct-13 05:28 ±","5.78/0.01485","5.77/0.01482","8.62","8.60","881","26.2","3","APO*"
"(2016 DB1)","2016-Feb-26 04:01 ±","5.78/0.01485","5.78/0.01484","7.87","7.84","2.64e+03","26.5","6","APO*"
"(2015 VC2)","2016-Jan-28 12:59 ±","5.80/0.01491","5.80/0.01491","1.16","0.99","2.53e+05","27.4","33","APO*"
"(2016 BU)","2016-Jan-23 19:26 ±","5.82/0.01496","5.80/0.01491","6.26","6.23","518","26.7","4","ATE*"
"(2005 OH3)","2016-Aug-03 07:13 ± 2_08:01","5.84/0.01502","5.26/0.01352","3.53","3.48","2.42e+05","26.0","9","AMO*"
"(2016 FY12)","2016-Apr-17 19:16 ±","5.85/0.01503","5.84/0.01500","13.29","13.27","1.04e+03","26.3","7","APO*"
"(2016 BE)","2016-Feb-01 00:26 ±","5.86/0.01505","5.86/0.01505","9.40","9.38","6.75e+04","23.7","19","APO*"
"(2016 LR)","2016-Jun-09 02:29 ±","5.89/0.01512","5.87/0.01508","12.31","12.30","677","26.3","6","APO*"
"(2015 VH65)","2015-Nov-11 10:02 ±","5.89/0.01514","5.88/0.01512","8.17","8.14","1.34e+03","27.7","5","ATE*"
"(2015 TL21)","2015-Oct-06 02:42 ±","5.90/0.01517","5.90/0.01515","15.49","15.48","1.49e+03","26.6","13","APO*"
"(2016 DM1)","2016-Mar-03 18:25 ±","5.91/0.01519","5.91/0.01518","14.65","14.64","1.9e+03","26.1","8","APO*"
"413577 (2005 UL5)","2015-Nov-20 04:14 ±","5.95/0.01528","5.95/0.01528","18.99","18.98","5.85e+06","20.2","73","ATE*"
"(2016 RU33)","2016-Sep-16 01:14 ±","6.00/0.01542","5.99/0.01538","6.78","6.76","682","27.5","1","APO*"
"(2016 RH17)","2016-Sep-11 00:49 ±","6.06/0.01557","6.02/0.01548","14.09","14.08","364","23.6","2","APO*"
"(2016 CN194)","2016-Feb-13 13:57 ±","6.11/0.01570","6.10/0.01568","8.26","8.24","1.34e+03","27.0","5","APO*"
"(2016 PW8)","2016-Aug-12 03:37 ±","6.13/0.01575","6.12/0.01572","14.14","14.13","1.11e+03","26.1","4","APO*"
"(2016 RM40)","2016-Sep-08 11:22 ±","6.14/0.01577","6.10/0.01569","23.17","23.16","451","24.7","2","APO*"
"(2016 DK1)","2016-Feb-20 17:17 ±","6.15/0.01580","6.14/0.01577","7.38","7.35","1.03e+03","27.4","19","APO*"
"(2009 DL46)","2016-May-24 17:59 ±","6.16/0.01583","6.16/0.01583","6.46","6.44","2.03e+07","21.5","67","APO*"
"(2016 AP131)","2016-Jan-11 06:57 ±","6.16/0.01584","6.15/0.01581","8.14","8.12","873","27.0","3","APO*"
"(2016 PN39)","2016-Jul-29 11:37 ±","6.17/0.01586","6.17/0.01585","10.02","10.01","5.58e+03","25.5","3","APO*"
"(2016 RM20)","2016-Sep-20 10:29 ±   00:01","6.22/0.01598","6.18/0.01588","5.78","5.75","283","26.2","2","APO*"
"(2016 JU28)","2016-May-07 10:48 ±","6.23/0.01600","6.19/0.01592","8.13","8.11","366","27.6","3","ATE*"
"(2015 UH52)","2015-Oct-20 22:45 ±","6.23/0.01600","6.22/0.01597","10.79","10.78","1.08e+03","26.0","10","ATE*"
"(2016 RM17)","2016-Sep-01 12:37 ±","6.26/0.01610","6.24/0.01603","6.35","6.32","429","27.6","3","APO*"
"(2016 EG85)","2016-Mar-04 00:32 ±","6.29/0.01616","6.26/0.01609","11.21","11.20","456","26.8","5","APO*"
"(2016 NM15)","2016-Jul-06 21:39 ±   00:01","6.30/0.01618","6.29/0.01616","3.20","3.15","1.46e+03","27.5","2","AMO*"
"(2015 VO64)","2015-Nov-06 21:38 ±","6.31/0.01621","6.30/0.01619","10.48","10.47","2.4e+03","26.3","7","APO*"
"(2015 XV1)","2015-Dec-09 07:24 ±","6.33/0.01628","6.31/0.01621","12.00","11.99","493","26.9","7","APO*"
"(2016 BJ15)","2016-Jan-25 11:56 ±","6.34/0.01629","6.33/0.01626","11.04","11.02","1.2e+03","23.4","17","APO*"
"(2016 FY3)","2016-Apr-25 11:48 ±","6.35/0.01632","6.35/0.01632","20.69","20.68","2.22e+04","20.7","34","APO*"
"(2015 YQ10)","2015-Dec-19 21:25 ±   00:01","6.38/0.01638","6.34/0.01628","8.99","8.97","291","27.0","2","APO*"
"(2016 LJ8)","2016-Jun-13 07:39 ±","6.39/0.01642","6.36/0.01635","9.07","9.05","461","25.1","7","APO*"
"(2016 PQ26)","2016-Jul-15 21:55 ±   00:36","6.40/0.01644","6.33/0.01625","13.48","13.47","229","24.0","1","APO*"
"(2015 YS9)","2015-Dec-25 17:28 ±","6.43/0.01651","6.41/0.01646","8.43","8.42","597","26.0","10","APO*"
"(2016 AW192)","2016-Jan-08 14:07 ±   00:03","6.45/0.01657","6.37/0.01637","19.96","19.95","198","25.3","3","APO*"
"(2016 EU28)","2016-Mar-12 06:51 ±","6.45/0.01659","6.41/0.01646","13.31","13.30","281","25.9","6","APO*"
"(2016 HA)","2016-Apr-22 08:57 ±","6.49/0.01667","6.47/0.01663","12.35","12.34","768","26.2","7","APO*"
"(2016 HY23)","2016-Apr-28 00:52 ±   00:03","6.55/0.01682","6.52/0.01676","7.30","7.28","517","26.9","2","AMO*"
"(2015 XE55)","2015-Nov-16 22:41 ±   00:14","6.57/0.01689","6.51/0.01674","8.98","8.96","222","26.0","2","APO*"
"(2016 AT193)","2016-Jan-06 14:40 ±   00:03","6.58/0.01692","6.51/0.01673","14.98","14.96","196","26.6","2","APO*"
"(2016 MO)","2016-Jul-07 13:22 ±","6.64/0.01706","6.63/0.01702","7.72","7.70","816","24.9","7","APO*"
"(2016 CD137)","2016-Feb-19 05:23 ±","6.64/0.01707","6.64/0.01705","7.47","7.45","1.54e+03","26.1","8","APO*"
"(2016 NE39)","2016-Jul-26 12:25 ±   00:04","6.65/0.01709","6.56/0.01686","18.29","18.28","180","23.4","2","APO*"
"(2012 XT111)","2015-Dec-05 01:17 ±","6.69/0.01719","6.69/0.01719","14.52","14.51","4.71e+04","25.9","10","APO*"
"(2016 EF156)","2016-Mar-17 06:13 ±","6.69/0.01720","6.68/0.01716","17.48","17.47","1.06e+03","24.7","6","ATE*"
"(2016 GD222)","2016-Apr-13 17:50 ±","6.69/0.01720","6.68/0.01716","8.72","8.70","804","25.9","7","APO*"
"(2016 EP84)","2016-Feb-17 21:26 ±","6.71/0.01725","6.71/0.01724","2.88","2.82","1.34e+04","27.4","18","APO*"
"(2016 JX5)","2016-Apr-24 13:15 ±   00:03","6.71/0.01725","6.69/0.01718","6.95","6.92","453","27.0","4","APO*"
"(2016 CA30)","2016-Jan-22 09:13 ±   00:02","6.73/0.01728","6.65/0.01709","6.51","6.49","156","27.5","4","APO*"
"(2015 XV261)","2015-Dec-08 03:07 ±","6.78/0.01743","6.77/0.01740","12.00","11.99","946","25.4","6","APO*"
"(2016 EV84)","2016-Mar-10 19:24 ±","6.80/0.01747","6.79/0.01746","7.50","7.48","2.2e+03","26.8","10","ATE*"
"(2016 DY21)","2016-Feb-19 18:28 ±","6.80/0.01748","6.79/0.01744","12.70","12.69","1.34e+03","25.8","8","APO*"
"(2016 DG)","2016-Feb-14 03:25 ±","6.82/0.01753","6.79/0.01745","7.88","7.86","407","27.7","2","APO*"
"(2016 AD65)","2015-Dec-27 21:13 ±   00:03","6.86/0.01764","6.78/0.01742","8.93","8.91","147","27.0","3","APO*"
"(2015 VA106)","2015-Nov-06 20:48 ±","6.91/0.01775","6.90/0.01774","11.53","11.52","3.51e+03","22.6","22","APO*"
"(2016 CZ30)","2016-Feb-05 13:05 ±","6.93/0.01781","6.92/0.01779","12.22","12.20","1.69e+03","25.7","6","APO*"
"(2015 XX378)","2015-Dec-24 01:53 ±","6.94/0.01783","6.93/0.01781","15.32","15.31","1.38e+03","24.8","4","APO*"
"(2015 VC106)","2015-Nov-18 01:33 ±","6.99/0.01797","6.98/0.01795","6.01","5.99","1.56e+03","26.3","6","APO*"
"(2016 EE1)","2016-Feb-28 23:22 ±","7.03/0.01807","7.01/0.01800","15.08","15.07","586","24.5","5","APO*"
"(2015 XV384)","2015-Dec-19 03:16 ±   01:10","7.04/0.01809","6.94/0.01782","9.72","9.71","185","26.4","2","APO*"
"(2015 XE)","2015-Nov-23 12:13 ±","7.05/0.01812","7.05/0.01812","5.73","5.70","1.07e+04","24.7","21","APO*"
"(2016 KJ)","2016-May-27 08:42 ±","7.11/0.01827","7.06/0.01815","20.71","20.71","350","24.8","4","APO*"
"(2016 FY13)","2016-Mar-17 16:30 ±   00:30","7.11/0.01828","6.69/0.01720","13.62","13.61","35.9","23.9","2","ATE*"
"(2016 AT131)","2016-Jan-08 06:52 ±","7.14/0.01834","7.12/0.01829","6.16","6.13","633","27.4","8","APO*"
"(2015 VD105)","2015-Nov-16 23:50 ±","7.22/0.01856","7.21/0.01853","12.75","12.73","1.19e+03","24.6","5","APO*"
"(2016 AY64)","2016-Jan-01 18:35 ±","7.24/0.01860","7.18/0.01845","11.19","11.18","258","26.3","5","APO*"
"(2016 QY1)","2016-Aug-10 03:14 ±   00:02","7.25/0.01863","7.23/0.01858","12.32","12.31","988","23.3","9","APO*"
"(2016 NC1)","2016-Jul-13 00:34 ±","7.28/0.01870","7.27/0.01867","4.45","4.42","1.35e+03","25.5","3","ATE*"
"(2016 CA248)","2016-Feb-09 11:36 ±   00:01","7.32/0.01882","7.25/0.01862","8.57","8.56","178","27.8","3","APO*"
"(2016 NB56)","2016-Jul-08 04:14 ±   00:02","7.33/0.01884","7.21/0.01853","17.58","17.57","757","24.3","1","APO*"
"(2015 YJ1)","2015-Dec-24 00:53 ±","7.38/0.01896","7.35/0.01888","6.08","6.06","425","27.6","5","APO*"
"(2016 GC)","2016-Mar-29 00:58 ±","7.38/0.01897","7.35/0.01889","8.17","8.15","454","26.4","5","APO*"
"(2016 DF1)","2016-Feb-20 22:43 ±","7.39/0.01900","7.37/0.01893","21.24","21.24","681","24.3","10","APO*"
"(2015 XA169)","2015-Dec-12 14:59 ±","7.41/0.01904","7.39/0.01898","10.31","10.30","630","27.4","9","APO*"
"(2016 LT10)","2016-Jun-12 14:58 ±","7.42/0.01907","7.41/0.01904","4.68","4.65","1.1e+03","26.8","5","APO*"
"(2016 AE65)","2015-Dec-21 17:59 ±   00:10","7.46/0.01916","7.32/0.01882","8.61","8.60","128","24.7","4","ATE*"
"(2015 VE66)","2015-Nov-21 22:32 ±","7.47/0.01919","7.47/0.01918","7.22","7.20","5.89e+03","24.1","32","APO*"
"(2015 WA13)","2015-Dec-06 15:19 ±","7.48/0.01921","7.48/0.01921","4.30","4.26","1e+06","26.1","17","APO*"
"(2015 VG65)","2015-Nov-05 04:28 ±","7.59/0.01949","7.56/0.01943","14.97","14.96","736","26.1","6","APO*"
"(2016 PX8)","2016-Aug-11 08:34 ±","7.60/0.01953","7.52/0.01933","9.84","9.83","190","27.1","2","APO*"
"(2014 JG55)","2016-May-08 00:32 ±   15:55","7.61/0.01956","0.82/0.00210","10.55","10.54","3.35","29.2","3","APO*"
"(2016 AN9)","2016-Jan-07 00:55 ±","7.67/0.01971","7.63/0.01960","8.73","8.72","327","26.8","3","APO*"
"(2016 RW1)","2016-Sep-03 20:19 ±","7.70/0.01978","7.68/0.01972","7.50","7.49","586","27.0","3","AMO*"
"(2005 GR33)","2016-Apr-13 03:28 ±","7.72/0.01985","7.72/0.01985","15.87","15.87","2.1e+05","22.0","25","ATE*"
"(2016 GH3)","2016-Apr-08 01:41 ±","7.85/0.02017","7.84/0.02015","5.65","5.62","1.94e+03","27.4","10","AMO*"
"(2016 FH12)","2016-Apr-23 00:15 ±   00:04","7.87/0.02023","7.76/0.01995","8.71","8.70","408","26.6","4","APO*"
"(2016 EE28)","2016-Feb-24 22:41 ±   00:01","7.88/0.02024","7.86/0.02019","3.80","3.77","615","26.8","6","APO*"
"(2016 QS44)","2016-Sep-10 05:03 ±","7.95/0.02044","7.89/0.02027","17.37","17.36","284","24.4","5","APO*"
"(2016 GK135)","2016-Mar-26 13:53 ±   00:05","8.00/0.02057","7.98/0.02050","2.48","2.43","509","28.3","5","ATE*"
"(2016 CU29)","2016-Feb-11 00:00 ±","8.03/0.02064","8.02/0.02061","9.03","9.01","1.15e+03","26.7","12","APO*"
"(2015 XV168)","2015-Nov-30 22:38 ±   00:01","8.06/0.02070","8.02/0.02061","5.02","5.00","371","27.4","2","APO*"
"(2015 YQ)","2015-Dec-11 11:36 ±   00:01","8.10/0.02082","8.05/0.02068","17.39","17.38","343","24.2","6","APO*"
"(2015 XA379)","2016-Feb-07 02:38 ±","8.12/0.02085","8.12/0.02085","2.73","2.69","2.43e+04","25.4","45","APO*"
"(2016 AH65)","2016-Jan-04 03:59 ±","8.20/0.02107","8.17/0.02099","8.76","8.75","480","25.8","6","APO*"
"(2015 VH1)","2015-Nov-04 12:00 ±","8.20/0.02108","8.19/0.02104","5.08","5.06","981","27.4","11","APO*"
"(2016 AU193)","2015-Dec-31 08:59 ±   00:01","8.24/0.02119","8.06/0.02070","21.92","21.92","110","25.3","2","APO*"
"(2015 UL52)","2015-Oct-25 21:53 ±","8.28/0.02128","8.27/0.02125","6.69","6.67","1.15e+03","25.0","9","APO*"
"(2016 EQ1)","2016-Mar-24 04:47 ±","8.29/0.02131","8.27/0.02126","5.70","5.68","754","26.3","14","APO*"
"(2016 LO48)","2016-Jun-08 20:35 ±","8.34/0.02143","8.34/0.02143","6.16","6.14","6.75e+05","25.4","13","AMO*"
"(2015 VE)","2015-Oct-29 12:23 ±","8.34/0.02144","8.34/0.02142","5.93","5.91","1.79e+03","25.8","10","APO*"
"(2016 CQ246)","2016-Feb-15 08:04 ±","8.35/0.02146","8.34/0.02142","17.54","17.53","1.44e+03","25.3","3","APO*"
"(2016 EE)","2016-Feb-22 23:22 ±","8.35/0.02146","8.32/0.02139","9.80","9.79","601","25.5","5","APO*"
"(2016 RP17)","2016-Sep-01 15:35 ±","8.39/0.02157","8.36/0.02148","19.33","19.33","624","24.5","9","APO*"
"(2016 FW3)","2016-Mar-25 05:20 ±","8.41/0.02160","8.39/0.02156","8.75","8.73","1.03e+03","25.5","8","APO*"
"(2015 XX169)","2015-Dec-14 15:01 ±","8.41/0.02160","8.39/0.02156","6.35","6.33","826","27.4","4","ATE*"
"(2015 TC144)","2015-Oct-08 20:35 ±","8.47/0.02176","8.43/0.02167","24.67","24.67","629","24.4","7","APO*"
"(2016 NL22)","2016-Jul-07 00:14 ±","8.47/0.02178","8.44/0.02169","10.62","10.61","518","24.7","4","APO*"
"(2016 HF3)","2016-May-18 17:14 ±","8.49/0.02182","8.49/0.02181","7.56","7.55","5.87e+03","24.8","38","AMO*"
"(2016 BQ15)","2016-Feb-08 19:50 ±","8.52/0.02190","8.51/0.02187","20.83","20.82","1.75e+03","25.1","7","APO*"
"(2016 GV221)","2016-Apr-21 23:01 ±","8.56/0.02198","8.54/0.02193","8.91","8.89","804","25.0","12","APO*"
"(2016 RV33)","2016-Sep-05 00:16 ±","8.60/0.02210","8.54/0.02195","8.53","8.52","265","26.5","1","APO*"
"(2016 BK1)","2016-Jan-17 09:55 ±","8.65/0.02222","8.63/0.02218","8.43","8.42","1.19e+03","24.8","8","APO*"
"(2016 RL17)","2016-Sep-09 04:16 ±","8.69/0.02233","8.67/0.02229","7.72","7.70","971","26.6","3","ATE*"
"(2016 NS)","2016-Jul-20 17:41 ±","8.69/0.02234","8.68/0.02231","5.02","4.99","1.14e+03","25.5","10","AMO*"
"(2016 AX164)","2016-Jan-09 16:49 ±","8.70/0.02236","8.68/0.02231","7.87","7.85","944","26.2","3","APO*"
"(2016 MH3)","2016-Jun-11 09:51 ±   04:28","8.73/0.02243","8.10/0.02081","5.24","5.21","53.3","27.0","1","ATE*"
"(2016 JX11)","2016-May-07 02:48 ±","8.73/0.02243","8.71/0.02239","17.90","17.90","1.27e+03","24.9","4","APO*"
"(2016 RZ17)","2016-Sep-07 00:36 ±","8.77/0.02254","8.75/0.02247","14.81","14.81","750","25.5","3","APO*"
"(2016 EO55)","2016-Mar-02 09:22 ±","8.82/0.02266","8.81/0.02263","7.08","7.06","1.37e+03","25.1","13","APO*"
"(2015 WZ12)","2015-Dec-01 09:33 ±","8.82/0.02267","8.82/0.02267","7.89","7.88","9.13e+03","26.4","11","ATE*"
"(2016 GC1)","2016-Apr-21 10:51 ±","8.83/0.02269","8.81/0.02263","8.36","8.35","625","26.6","9","APO*"
"(2015 YK)","2015-Dec-22 14:11 ±","8.86/0.02276","8.85/0.02275","3.33","3.29","3.3e+03","25.9","12","APO*"
"(2016 HP6)","2016-May-02 03:54 ±","8.90/0.02286","8.88/0.02282","5.96","5.94","906","25.4","6","APO*"
"(2016 PE8)","2016-Jul-22 06:41 ±   00:10","8.94/0.02298","8.63/0.02217","9.68","9.67","106","26.6","1","APO*"
"(2016 OF)","2016-Jul-12 08:32 ±","8.97/0.02304","8.92/0.02292","9.04","9.03","341","23.0","8","APO*"
"(2015 XH261)","2015-Nov-24 14:42 ±   00:09","8.97/0.02305","8.61/0.02213","12.22","12.21","183","24.6","3","APO*"
"(2015 VV105)","2015-Nov-13 19:18 ±","8.98/0.02306","8.96/0.02301","5.54","5.52","744","28.3","4","APO*"
"(2016 EH1)","2016-Feb-24 16:05 ±","9.01/0.02315","9.00/0.02312","8.94","8.92","1.85e+03","22.7","16","ATE*"
"(2016 OV)","2016-Aug-07 10:42 ±","9.04/0.02323","9.01/0.02316","12.47","12.46","776","24.7","8","APO*"
"(2016 GC134)","2016-Apr-13 05:55 ±","9.04/0.02323","9.01/0.02315","4.75","4.72","455","26.0","6","APO*"
"(2015 VZ145)","2015-Dec-08 08:33 ±","9.18/0.02359","9.18/0.02359","7.40","7.38","1.58e+05","23.5","23","APO*"
"P/2016 BA14 (PANSTARRS)","2016-Mar-22 15:31 ±","9.21/0.02366","9.21/0.02366","14.01","14.00","2.5e+07","n/a","56","JFc*"
"(2010 FX9)","2016-Mar-19 11:38 ±","9.22/0.02370","9.22/0.02370","11.31","11.30","5.31e+05","24.2","22","APO*"
"(2016 CN29)","2016-Jan-27 06:58 ±   00:01","9.23/0.02372","9.15/0.02351","18.43","18.42","311","24.3","4","APO*"
"(2016 AF166)","2016-Jan-21 03:16 ±","9.25/0.02377","9.21/0.02365","11.53","11.52","408","25.4","4","APO*"
"(2015 XW384)","2015-Dec-03 08:43 ±   09:18","9.30/0.02389","9.09/0.02335","12.49","12.48","34.9","25.8","2","APO*"
"(2015 YV9)","2015-Dec-26 15:03 ±","9.36/0.02405","9.34/0.02399","7.40","7.38","749","25.8","5","APO*"
"(2016 LQ)","2016-May-28 01:50 ±   00:01","9.39/0.02413","9.33/0.02398","15.43","15.42","385","25.1","3","APO*"
"(2015 XV129)","2015-Dec-05 16:28 ±","9.41/0.02419","9.40/0.02415","6.94","6.93","945","26.9","5","APO*"
"(2014 US115)","2016-May-01 01:55 ±   02:12","9.42/0.02420","7.42/0.01907","9.61","9.60","5.5e+03","24.6","9","APO*"
"(2015 UH)","2015-Oct-29 17:57 ±","9.43/0.02423","9.36/0.02405","9.83","9.81","258","25.4","5","APO*"
"(2016 JE18)","2016-May-11 15:48 ±","9.43/0.02424","9.42/0.02420","8.52","8.51","1.19e+03","26.3","4","APO*"
"(2015 XQ129)","2015-Nov-16 16:21 ±   00:48","9.44/0.02425","9.05/0.02326","17.76","17.75","137","24.5","3","APO*"
"(2015 TB25)","2015-Oct-11 17:54 ±","9.51/0.02445","9.50/0.02441","9.55","9.54","1.15e+03","24.5","9","APO*"
"(2015 XU169)","2015-Dec-10 03:05 ±","9.52/0.02446","9.49/0.02438","8.52","8.50","533","27.0","4","APO*"
"(2016 CE194)","2016-Feb-06 23:23 ±","9.52/0.02447","9.51/0.02443","9.19","9.18","1.13e+03","26.1","9","APO*"
"(2015 XB128)","2015-Nov-25 13:29 ±","9.54/0.02452","9.49/0.02439","9.21","9.20","357","25.2","4","ATE*"
"(2016 FL12)","2016-Apr-13 08:58 ±","9.56/0.02457","9.53/0.02450","5.83","5.81","596","26.3","12","APO*"
"(2015 WC1)","2015-Nov-20 09:09 ±","9.68/0.02487","9.67/0.02485","6.08","6.07","1.71e+03","25.2","22","APO*"
"(2015 VT64)","2015-Nov-09 19:14 ±","9.68/0.02488","9.66/0.02482","10.07","10.06","938","26.0","11","APO*"
"(2011 YD29)","2015-Dec-24 05:20 ±   23:21","9.68/0.02488","7.00/0.01800","7.04","7.02","1.79e+04","26.3","4","ATE*"
"(2016 EJ27)","2016-Mar-12 19:04 ±","9.70/0.02492","9.69/0.02489","8.72","8.71","1.59e+03","25.2","11","ATE*"
"(2016 DH)","2016-Feb-15 10:56 ±   00:01","9.72/0.02497","9.69/0.02490","4.32","4.30","591","27.5","5","APO*"
"(2015 XL261)","2015-Dec-17 11:58 ±","9.73/0.02499","9.69/0.02490","10.50","10.49","546","25.5","9","APO*"
"(2015 XZ378)","2016-Jun-13 04:38 ±   00:12","9.73/0.02501","9.67/0.02484","1.64","1.57","608","27.2","6","APO*"
"(2016 FL13)","2016-Apr-15 16:57 ±","9.74/0.02504","9.73/0.02499","11.99","11.99","1.27e+03","25.4","14","APO*"
"(2016 BC14)","2016-Mar-29 13:45 ±","9.79/0.02517","9.79/0.02516","6.29","6.27","1.23e+04","20.9","41","ATE*"
"(2016 FT13)","2016-Apr-07 06:21 ±","9.81/0.02520","9.78/0.02514","13.44","13.43","880","26.9","4","APO*"
"(2016 PQ)","2016-Aug-07 06:21 ±","9.81/0.02520","9.79/0.02516","12.74","12.73","1.49e+03","25.9","7","APO*"
"(2016 KR)","2016-Jun-05 23:01 ±","9.88/0.02538","9.84/0.02529","12.89","12.88","592","25.2","7","APO*"
"(2016 PP27)","2016-Aug-04 01:41 ±","9.92/0.02549","9.90/0.02544","10.89","10.88","926","23.6","6","APO*"
"(2015 XA378)","2015-Dec-19 19:16 ±","10.00/0.02570","10.00/0.02570","17.20","17.19","3.8e+04","25.9","10","APO*"
"(2016 FX7)","2016-Apr-03 21:51 ±","10.08/0.02589","10.05/0.02582","7.78","7.77","670","26.8","6","APO*"
"(2015 VD106)","2015-Nov-09 20:08 ±","10.09/0.02592","10.04/0.02580","8.46","8.45","387","26.8","5","APO*"
"(2016 GZ220)","2016-Apr-21 19:33 ±","10.12/0.02600","10.09/0.02592","8.43","8.42","598","26.2","10","APO*"
"(2016 PP38)","2016-Jul-22 22:54 ±   00:25","10.24/0.02630","9.99/0.02567","5.70","5.68","109","26.8","2","AMO*"
"(2016 AC166)","2016-Jan-09 23:28 ±","10.25/0.02634","10.20/0.02621","19.75","19.74","475","23.3","3","APO*"
"(2016 EJ55)","2016-Feb-24 07:33 ±","10.32/0.02652","10.30/0.02646","6.98","6.97","1.16e+03","24.6","10","APO*"
"(2015 ST6)","2015-Sep-29 03:28 ±","10.33/0.02654","10.28/0.02642","18.09","18.09","522","24.4","6","APO*"
"(2015 YC10)","2016-Jan-04 15:20 ±","10.40/0.02672","10.38/0.02668","15.61","15.60","1.29e+03","24.9","8","APO*"
"(2016 ND1)","2016-Jul-10 03:26 ±","10.43/0.02681","10.41/0.02676","5.08","5.06","908","25.0","6","APO*"
"(2015 VE106)","2015-Nov-11 23:29 ±","10.53/0.02707","10.52/0.02702","6.28","6.26","948","24.3","7","APO*"
"(2015 TD179)","2015-Nov-04 18:01 ±","10.55/0.02710","10.54/0.02708","10.12","10.11","1.87e+03","24.6","13","APO*"
"(2016 CB31)","2016-Feb-24 06:35 ±","10.57/0.02716","10.56/0.02713","8.55","8.54","1.68e+03","25.0","11","APO*"
"(2016 HB)","2016-Apr-12 11:17 ±","10.57/0.02717","10.56/0.02712","7.92","7.91","1.14e+03","24.4","11","APO*"
"(2016 CD136)","2016-Jan-26 13:15 ±   00:01","10.62/0.02728","10.49/0.02696","11.82","11.81","324","25.8","4","APO*"
"(2015 TB1)","2015-Sep-27 17:58 ±","10.64/0.02734","10.58/0.02720","8.25","8.24","333","26.4","8","AMO*"
"(2016 GT)","2016-Mar-22 01:23 ±","10.65/0.02737","10.62/0.02728","7.83","7.82","583","26.0","6","APO*"
"441987 (2010 NY65)","2016-Jun-24 10:30 ±","10.71/0.02753","10.71/0.02753","12.95","12.95","7.37e+07","21.5","66","ATE*"
"(2015 TS238)","2015-Oct-08 06:48 ±   00:04","10.72/0.02753","10.65/0.02737","15.32","15.31","391","25.4","4","APO*"
"(2016 RZ)","2016-Aug-25 09:27 ±   00:03","10.73/0.02758","10.66/0.02740","4.33","4.31","253","26.7","3","ATE*"
"(2016 FB12)","2016-Mar-15 10:52 ±   00:04","10.75/0.02763","10.68/0.02745","6.26","6.24","251","26.0","3","APO*"
"(2016 EW1)","2016-Mar-07 22:14 ±","10.76/0.02765","10.74/0.02760","12.67","12.66","1.13e+03","25.2","7","APO*"
"(2015 WP1)","2015-Oct-29 11:07 ±   00:29","10.78/0.02770","10.59/0.02722","14.12","14.11","173","23.7","3","APO*"
"(2015 WF13)","2015-Dec-07 00:50 ±","10.83/0.02782","10.83/0.02782","8.88","8.87","2.36e+06","23.2","21","APO*"
"(2016 GF135)","2016-Mar-26 09:51 ±   00:01","10.86/0.02791","10.74/0.02759","7.70","7.69","578","26.3","4","APO*"
"33342 (1998 WT24)","2015-Dec-11 13:16 ±","10.89/0.02799","10.89/0.02799","8.51","8.50","8.77e+07","17.9","166","ATE*"
"(2016 EL27)","2016-Mar-10 04:18 ±","10.91/0.02802","10.88/0.02797","9.70","9.69","996","26.1","7","ATE*"
"(2016 BS39)","2016-Jan-16 11:32 ±   00:04","10.98/0.02822","10.85/0.02787","10.51","10.50","160","26.2","2","APO*"
"(2015 XY351)","2015-Dec-06 06:08 ±","11.00/0.02826","10.87/0.02794","7.98","7.97","158","26.8","3","APO*"
"(2016 CV137)","2016-Feb-07 17:46 ±","11.00/0.02827","10.90/0.02801","7.85","7.84","188","27.2","2","APO*"
"(2016 RA34)","2016-Sep-01 16:14 ±","11.01/0.02829","10.97/0.02818","8.86","8.85","495","24.6","3","ATE*"
"(2011 EH17)","2016-Mar-01 19:11 ±   03:07","11.05/0.02840","2.81/0.00721","16.71","16.71","1.87e+03","24.6","5","ATE*"
"(2016 GU2)","2016-Mar-28 09:12 ±","11.09/0.02849","11.06/0.02842","38.57","38.57","1.86e+03","24.1","6","APO*"
"(2016 BQ)","2016-Feb-07 02:51 ±   00:02","11.11/0.02854","11.07/0.02844","3.85","3.82","459","26.8","5","APO*"
"(2016 CM137)","2016-Feb-03 04:26 ±","11.16/0.02866","11.13/0.02860","10.82","10.81","929","25.8","7","APO*"
"(2016 GF1)","2016-Mar-24 12:55 ±","11.23/0.02886","11.20/0.02878","8.19","8.18","618","26.0","7","APO*"
"(2015 XR378)","2015-Dec-06 23:09 ±","11.23/0.02887","11.20/0.02878","7.74","7.73","606","25.1","11","APO*"
"(2016 EF28)","2016-Feb-27 14:34 ±","11.25/0.02891","11.25/0.02890","18.19","18.19","1.31e+04","21.7","22","APO*"
"(2016 NK33)","2016-Jul-16 01:16 ±   00:02","11.32/0.02910","10.92/0.02807","9.60","9.59","53.5","25.9","1","APO*"
"(2015 TM21)","2015-Oct-09 13:55 ±","11.36/0.02919","11.33/0.02911","11.62","11.61","689","26.1","4","APO*"
"(2015 VF106)","2015-Nov-03 22:01 ±   00:01","11.44/0.02940","11.39/0.02926","6.32","6.30","354","27.6","4","APO*"
"(2016 NG38)","2016-Jul-14 09:57 ±","11.48/0.02950","11.46/0.02944","7.06","7.05","788","25.1","4","AMO*"
"(2015 VR65)","2015-Nov-04 04:56 ±","11.48/0.02951","11.43/0.02936","12.75","12.74","429","24.0","10","APO*"
"(2016 NJ39)","2016-Jul-22 14:26 ±","11.53/0.02963","11.41/0.02933","10.36","10.35","190","25.2","4","APO*"
"(2016 FA)","2016-Mar-17 15:54 ±","11.54/0.02966","11.53/0.02962","5.46","5.44","1.5e+03","25.3","15","ATE*"
"(2000 SM10)","2015-Oct-02 16:55 ±","11.70/0.03007","11.70/0.03007","12.91","12.90","2.42e+05","24.1","18","APO*"
"(2015 TC24)","2015-Sep-30 05:05 ±","11.71/0.03008","11.63/0.02987","16.76","16.76","398","24.6","4","APO*"
"(2015 TD144)","2015-Oct-20 17:34 ±","11.73/0.03015","11.73/0.03015","24.62","24.62","6.67e+05","22.6","15","APO*"
"(2016 RL40)","2016-Sep-04 00:55 ±   00:02","11.76/0.03021","11.54/0.02965","12.20","12.19","113","25.6","1","APO*"
"(2015 XO129)","2015-Nov-20 06:48 ±   00:05","11.76/0.03021","11.51/0.02958","13.17","13.16","101","25.2","3","APO*"
"(2015 SJ17)","2015-Oct-03 06:18 ±   00:02","11.77/0.03025","11.56/0.02971","6.43","6.42","95.9","27.5","2","APO*"
"(2016 CA194)","2016-Feb-12 06:53 ±   00:03","11.87/0.03050","11.69/0.03004","5.83","5.81","112","27.2","3","APO*"
"(2012 BU61)","2016-Jan-02 06:56 ±","11.93/0.03065","11.93/0.03065","24.00","23.99","1.53e+05","21.5","15","APO*"
"(2011 SE97)","2015-Oct-18 13:44 ±","11.95/0.03070","11.95/0.03070","12.88","12.87","3.08e+05","24.7","26","APO*"
"(2016 RP20)","2016-Sep-12 01:46 ±","11.98/0.03078","11.91/0.03060","9.87","9.86","324","25.6","2","APO*"
"(2016 EJ156)","2016-Mar-03 01:04 ±","11.99/0.03080","11.97/0.03075","4.92","4.90","1.14e+03","25.7","10","APO*"
"(2015 TX144)","2015-Oct-07 08:22 ±   00:02","12.00/0.03082","11.95/0.03071","4.82","4.80","420","27.7","2","AMO*"
"(2015 YA1)","2015-Dec-05 13:43 ±   00:01","12.03/0.03090","11.96/0.03073","6.55","6.54","1.09e+03","24.5","7","APO*"
"(2016 JP17)","2016-May-08 06:45 ±","12.06/0.03100","12.05/0.03096","11.59","11.58","1.92e+03","23.1","19","APO*"
"(2016 JB29)","2016-Jun-04 23:15 ±","12.06/0.03100","12.06/0.03100","9.24","9.23","6.37e+04","24.7","41","APO*"
"(2016 LS1)","2016-May-27 10:46 ±","12.10/0.03109","12.06/0.03099","5.95","5.93","526","26.2","4","AMO*"
"(2016 FL14)","2016-Mar-30 17:35 ±","12.10/0.03110","12.08/0.03104","11.44","11.43","908","25.9","3","APO*"
"(2016 CF29)","2016-Feb-12 13:14 ±","12.11/0.03111","12.08/0.03104","16.52","16.51","901","24.9","7","APO*"
"(2016 EG158)","2016-Mar-15 10:05 ±","12.13/0.03117","12.07/0.03101","6.77","6.75","328","27.1","4","APO*"
"(2016 QS11)","2016-Sep-18 05:19 ±","12.18/0.03130","12.17/0.03126","3.76","3.74","1.46e+03","25.8","15","AMO*"
"(2016 GG1)","2016-Apr-02 20:42 ±","12.20/0.03135","12.16/0.03125","5.63","5.62","550","26.3","8","AMO*"
"(2015 WF)","2015-Nov-06 05:29 ±","12.28/0.03155","12.19/0.03132","7.21","7.20","241","25.9","6","AMO*"
"(2016 DF)","2016-Feb-18 03:08 ±   00:05","12.30/0.03160","12.26/0.03150","2.49","2.46","489","27.0","7","AMO*"
"(2016 RD18)","2016-Aug-31 11:15 ±","12.30/0.03161","12.22/0.03141","8.19","8.18","284","26.5","2","AMO*"
"(2010 WD1)","2016-Feb-22 18:02 ± 2_18:48","12.31/0.03164","12.05/0.03097","7.17","7.16","103","26.5","7","ATE*"
"(2015 TC179)","2015-Oct-14 20:17 ±   00:01","12.32/0.03165","12.29/0.03158","3.83","3.81","732","26.0","11","AMO*"
"(2016 HN)","2016-May-04 21:33 ±","12.35/0.03173","12.31/0.03164","11.66","11.66","699","22.6","15","APO*"
"(2015 XJ1)","2015-Nov-18 20:09 ±","12.36/0.03176","12.36/0.03175","9.18","9.17","7.33e+03","23.4","13","APO*"
"(2015 TP21)","2015-Oct-06 00:42 ±","12.36/0.03177","12.33/0.03167","9.80","9.80","624","26.7","5","APO*"
"(2009 CV)","2016-Jun-20 01:31 ±","12.40/0.03186","12.40/0.03186","4.69","4.67","9.23e+05","24.3","29","APO*"
"(2016 EE27)","2016-Feb-19 23:14 ±   00:31","12.42/0.03192","11.79/0.03028","22.22","22.22","66.5","23.9","2","APO*"
"(2016 FY2)","2016-Mar-17 19:00 ±","12.43/0.03195","12.43/0.03194","3.40","3.38","4.84e+03","25.4","15","ATE*"
"(2015 VE1)","2015-Oct-24 08:06 ±","12.46/0.03202","12.46/0.03202","8.71","8.70","3.67e+04","21.0","40","APO*"
"(2016 RX)","2016-Aug-30 17:27 ±","12.48/0.03206","12.35/0.03173","22.41","22.40","244","25.4","7","APO*"
"(2013 VA10)","2016-Feb-08 03:57 ±","12.53/0.03219","12.53/0.03219","25.52","25.52","6.94e+05","22.2","20","APO*"
"(2016 AW193)","2015-Dec-25 00:45 ±   00:01","12.54/0.03222","12.53/0.03219","12.29","12.28","4.39e+03","25.0","5","APO*"
"85990 (1999 JV6)","2016-Jan-06 01:09 ±","12.61/0.03241","12.61/0.03241","9.62","9.61","2.83e+07","20.2","207","APO*"
"(2016 GM2)","2016-Apr-16 15:55 ±","12.63/0.03245","12.60/0.03238","9.23","9.22","794","25.1","12","APO*"
"(2016 GC207)","2016-Apr-09 09:13 ±","12.67/0.03256","12.63/0.03246","8.29","8.28","554","26.9","3","AMO*"
"(2016 FB15)","2016-Mar-19 17:36 ±   00:02","12.67/0.03256","12.60/0.03238","4.82","4.80","283","26.7","3","APO*"
"(2016 JC6)","2016-May-08 16:25 ±","12.80/0.03290","12.80/0.03290","5.69","5.68","1.26e+06","21.4","34","ATE*"
"(2016 AE2)","2016-Jan-02 22:41 ±   00:04","12.81/0.03292","12.69/0.03261","6.19","6.18","183","26.4","2","ATE*"
"(2016 KH)","2016-May-23 11:24 ±","12.83/0.03296","12.78/0.03284","13.12","13.11","567","24.3","9","APO*"
"(2016 FC13)","2016-Apr-01 11:59 ±","12.83/0.03297","12.83/0.03297","21.93","21.93","2.62e+05","22.0","11","APO*"
"(2015 VH2)","2015-Nov-24 21:28 ±   00:02","12.86/0.03305","12.84/0.03300","2.81","2.78","1.07e+03","27.4","11","AMO*"
"(2016 GH134)","2016-Mar-25 04:41 ±","12.94/0.03326","12.88/0.03310","19.52","19.52","763","22.6","4","APO*"
"(2016 GV1)","2016-Mar-29 09:46 ±","12.97/0.03333","12.95/0.03328","10.31","10.30","1.17e+03","24.3","9","APO*"
"(2016 NX22)","2016-Aug-02 11:32 ±","12.98/0.03335","12.96/0.03331","9.52","9.51","1.8e+03","23.7","12","AMO*"
"(2016 EQ85)","2016-Feb-27 08:31 ±   00:07","12.99/0.03337","12.84/0.03300","6.34","6.33","152","27.6","2","APO*"
"(2013 TX68)","2016-Mar-08 00:06 ± 2_00:26","12.99/0.03338","0.08/0.00021","15.32","15.32","463","25.2","7","APO*"
"(2016 CP195)","2016-Feb-15 08:43 ±","13.02/0.03347","12.96/0.03331","13.79","13.78","466","26.5","6","APO*"
"(2015 TV346)","2015-Oct-11 01:57 ±   00:02","13.03/0.03347","12.92/0.03319","5.58","5.56","198","27.3","4","AMO*"
"(2016 DU1)","2016-Mar-03 21:08 ±","13.06/0.03355","13.00/0.03340","7.20","7.19","402","26.3","5","APO*"
"(2016 CY30)","2016-Feb-23 18:11 ±","13.10/0.03367","13.04/0.03350","14.29","14.29","440","24.6","9","APO*"
"388945 (2008 TZ3)","2016-May-05 10:39 ±","13.13/0.03373","13.13/0.03373","9.65","9.64","1.11e+06","20.4","76","APO*"
"(2016 CL29)","2016-Feb-01 06:39 ±","13.15/0.03379","13.12/0.03371","13.92","13.91","954","24.6","8","APO*"
"(2015 VM105)","2015-Nov-08 20:28 ±","13.20/0.03391","13.16/0.03381","7.42","7.41","605","26.6","8","APO*"
"(2016 SF)","2016-Sep-07 05:37 ±   01:07","13.20/0.03391","12.37/0.03178","15.22","15.21","48","24.4","1","APO*"
"(2015 XE1)","2015-Dec-19 02:56 ±","13.21/0.03395","13.20/0.03392","5.09","5.07","1.88e+03","25.7","10","APO*"
"(2015 TG144)","2015-Oct-16 08:59 ±","13.29/0.03415","13.20/0.03392","8.06","8.05","267","25.6","3","APO*"
"(2015 TL238)","2015-Oct-27 09:35 ±","13.32/0.03422","13.28/0.03411","12.88","12.87","667","24.9","11","APO*"
"(2016 LY8)","2016-Jun-18 13:12 ±","13.33/0.03426","13.33/0.03426","10.03","10.02","2.27e+04","23.1","16","APO*"
"(2016 GC221)","2016-Apr-15 00:34 ±","13.38/0.03439","13.35/0.03432","13.67","13.67","948","24.8","5","APO*"
"(2016 BR)","2016-Jan-07 16:24 ±   00:01","13.42/0.03448","13.31/0.03420","7.74","7.73","423","25.6","3","APO*"
"(2016 LB2)","2016-May-14 02:36 ±   00:11","13.46/0.03458","13.25/0.03405","18.26","18.26","156","22.7","4","ATE*"
"(2016 EH55)","2016-Feb-24 18:47 ±   00:03","13.48/0.03463","13.26/0.03406","13.75","13.75","133","24.6","4","APO*"
"(2015 YT1)","2015-Dec-31 04:34 ±   00:02","13.52/0.03475","13.26/0.03407","6.06","6.04","87.1","27.0","5","APO*"
"(2016 JH18)","2016-May-17 23:03 ±","13.53/0.03478","13.45/0.03455","6.53","6.52","267","26.1","6","ATE*"
"(2016 NE56)","2016-Jul-16 22:28 ±","13.58/0.03490","13.37/0.03437","12.16","12.15","134","25.0","1","APO*"
