Object,Close-Approach (CA) Date(TDB)YYYY-mmm-DD HH:MM ± D_HH:MM,CA DistanceNominal (LD/AU),CA DistanceMinimum(LD/AU),Vrelative(km/s),Vinfinity(km/s),Nsigma,H(mag),ref,class
(2016 DY30),2016-Feb-25 19:59 ±   00:02,0.04/9.6e-05,0.04/9.5e-05,17.35,15.67,245,30.5,1,APO*
(2015 SK7),2015-Sep-22 21:44 ±,0.07/0.00018,0.07/0.00018,13.71,12.57,783,28.9,8,APO*
(2016 AH164),2016-Jan-12 03:35 ±,0.07/0.00018,0.07/0.00018,8.63,6.67,1.85e+03,29.7,5,APO*
(2015 VY105),2015-Nov-15 02:40 ±,0.09/0.00023,0.09/0.00023,17.43,16.75,1.24e+03,29.0,6,APO*
(2016 AN164),2016-Jan-14 14:55 ±,0.10/0.00025,0.10/0.00025,13.18,12.34,1.26e+03,30.5,2,APO*
(2015 HD1),2015-Apr-21 08:17 ±,0.15/0.00040,0.15/0.00039,15.97,15.54,2.79e+03,27.4,7,APO*
(2015 YJ),2015-Dec-13 21:19 ±   00:03,0.19/0.00048,0.18/0.00047,16.72,16.38,456,28.2,5,APO*
(2016 CM194),2016-Feb-13 07:48 ±,0.20/0.00052,0.20/0.00052,12.00,11.57,8.53e+03,27.7,4,APO*
(2015 PK),2015-Aug-06 03:10 ±   00:03,0.21/0.00053,0.21/0.00053,16.32,16.01,1.06e+03,28.1,3,APO*
(2015 VU64),2015-Nov-06 23:09 ±,0.26/0.00067,0.26/0.00067,4.48,3.48,4.66e+03,30.6,3,ATE*
(2016 AQ164),2016-Jan-10 14:15 ±,0.27/0.00070,0.27/0.00069,14.16,13.88,282,29.9,2,APO*
(2015 EO6),2015-Mar-12 00:31 ±,0.28/0.00073,0.28/0.00073,23.81,23.66,370,30.2,3,APO*
(2015 GU),2015-Apr-12 05:36 ±,0.29/0.00074,0.29/0.00074,11.66,11.34,5.68e+03,28.4,4,APO*
(2015 TC25),2015-Oct-13 07:32 ±,0.29/0.00074,0.29/0.00074,4.43,3.53,9.87e+03,29.5,10,APO*
(2016 DB),2016-Feb-15 04:50 ±,0.32/0.00083,0.32/0.00083,9.45,9.10,1.72e+03,28.5,2,ATE*
(2015 ET),2015-Mar-10 16:42 ±,0.33/0.00084,0.32/0.00083,12.38,12.12,5.14e+03,26.7,14,APO*
(2015 UM52),2015-Oct-22 19:19 ±,0.34/0.00087,0.34/0.00087,7.88,7.49,1.84e+03,27.8,5,APO*
(2016 CG18),2016-Feb-06 13:30 ±,0.39/0.00101,0.39/0.00101,4.88,4.31,9.04e+03,28.5,8,APO*
(2016 AN165),2016-Jan-13 14:44 ±,0.47/0.00120,0.47/0.00120,10.98,10.78,2.82e+03,27.7,4,APO*
(2015 GL13),2015-Apr-16 07:53 ±,0.48/0.00124,0.48/0.00124,13.96,13.81,2.01e+03,28.8,4,APO*
(2015 LF),2015-Jun-08 23:49 ±,0.51/0.00132,0.51/0.00131,16.76,16.64,2.41e+03,26.6,6,APO*
(2016 EK1),2016-Mar-03 18:06 ±,0.53/0.00135,0.53/0.00135,18.49,18.38,3.15e+03,29.1,1,APO*
(2016 CW264),2016-Feb-10 11:38 ±,0.55/0.00141,0.54/0.00140,24.48,24.40,416,29.8,1,APO*
(2015 WP2),2015-Nov-20 01:43 ±,0.60/0.00154,0.60/0.00153,12.84,12.70,986,30.1,2,APO*
(2016 EL1),2016-Mar-04 11:54 ±,0.60/0.00154,0.60/0.00154,20.13,20.04,2.67e+03,27.8,1,APO*
(2015 VP64),2015-Nov-05 09:15 ±,0.73/0.00187,0.73/0.00187,20.45,20.38,713,28.3,4,APO*
(2015 KW121),2015-May-23 18:02 ±,0.74/0.00191,0.74/0.00190,21.07,21.01,635,26.1,4,APO*
(2015 XY261),2015-Dec-15 13:52 ±,0.75/0.00193,0.75/0.00193,11.92,11.80,3.13e+03,27.2,5,APO*
(2015 JF1),2015-May-15 11:52 ±,0.81/0.00208,0.81/0.00208,13.78,13.69,1.73e+03,28.1,2,APO*
(2016 DK2),2016-Feb-26 07:19 ±,0.83/0.00212,0.82/0.00212,18.74,18.67,812,29.1,1,APO*
(2015 HG182),2015-Apr-14 19:17 ±   00:01,0.86/0.00220,0.86/0.00220,17.86,17.80,1.24e+03,28.9,2,APO*
(2015 FM118),2015-Mar-28 02:49 ±,0.92/0.00238,0.92/0.00237,8.83,8.70,2.64e+03,28.7,3,APO*
(2015 FU344),2015-Mar-16 05:50 ±,0.99/0.00255,0.99/0.00253,10.01,9.91,269,31.0,2,APO*
(2015 TQ21),2015-Oct-07 00:49 ±,1.01/0.00259,1.00/0.00258,19.97,19.92,1.02e+03,27.4,6,APO*
(2015 VO142),2015-Nov-24 02:23 ±,1.02/0.00263,1.02/0.00262,3.12,2.78,5.64e+03,29.0,10,APO*
(2016 DV1),2016-Mar-03 05:17 ±,1.03/0.00264,1.03/0.00264,18.07,18.02,1.85e+04,24.9,16,APO*
(2015 KW120),2015-May-29 11:54 ±,1.07/0.00275,1.07/0.00275,13.00,12.93,1.96e+05,26.0,16,APO*
(2016 EG1),2016-Mar-05 01:24 ±,1.14/0.00293,1.14/0.00293,12.36,12.29,1.25e+03,29.1,3,APO*
(2015 HM10),2015-Jul-07 18:39 ±,1.15/0.00295,1.15/0.00295,8.46,8.35,2.25e+05,23.6,30,APO*
(2015 HQ171),2015-May-02 03:51 ±,1.16/0.00298,1.16/0.00298,9.24,9.14,1.85e+03,26.9,4,APO*
(2015 PL9),2015-Aug-08 01:49 ±,1.24/0.00318,1.23/0.00317,11.24,11.16,1.03e+03,27.0,5,APO*
(2015 TB145),2015-Oct-31 17:01 ±,1.27/0.00325,1.27/0.00325,34.95,34.92,2.84e+06,20.0,55,APO*
(2015 HQ11),2015-Apr-25 06:19 ±,1.28/0.00328,1.27/0.00327,10.16,10.08,1.8e+03,27.1,3,APO*
(2015 SZ2),2015-Sep-30 07:54 ±,1.32/0.00338,1.32/0.00338,6.14,6.01,5.86e+05,25.4,20,APO*
(2015 XR169),2015-Dec-13 16:35 ±,1.32/0.00339,1.32/0.00338,9.51,9.43,1.04e+03,28.7,6,APO*
(2016 EO28),2016-Feb-29 03:57 ±,1.40/0.00360,1.39/0.00358,7.20,7.10,386,29.1,1,APO*
(2015 FU284),2015-Mar-16 22:02 ±,1.41/0.00363,1.41/0.00363,19.79,19.76,1.98e+03,28.3,2,APO*
(2015 RU178),2015-Sep-09 04:46 ±,1.41/0.00363,1.40/0.00360,18.44,18.40,275,27.8,2,APO*
(2016 AN66),2015-Dec-31 17:22 ±   00:05,1.45/0.00372,1.44/0.00371,5.44,5.31,655,27.4,7,APO*
(2015 YQ1),2015-Dec-22 02:06 ±,1.45/0.00372,1.45/0.00372,12.38,12.32,1.98e+03,28.1,7,APO*
(2015 XP),2015-Dec-05 13:44 ±,1.45/0.00372,1.45/0.00372,8.14,8.05,2.09e+03,25.8,5,APO*
(2015 OQ21),2015-Jul-24 00:00 ±,1.48/0.00380,1.48/0.00380,7.65,7.56,3.26e+05,27.9,8,ATE*
(2015 YA),2015-Dec-15 04:49 ±,1.50/0.00385,1.50/0.00384,8.77,8.69,1.08e+03,27.4,6,ATE*
(2016 CH30),2016-Feb-07 22:32 ±,1.50/0.00386,1.50/0.00386,5.56,5.43,2.2e+03,28.0,3,ATE*
(2015 WZ1),2015-Nov-22 17:59 ±,1.59/0.00408,1.58/0.00407,16.50,16.46,1.45e+03,29.6,3,APO*
(2015 KE),2015-May-03 22:10 ±,1.60/0.00412,1.60/0.00412,3.30,3.10,2.14e+03,26.4,10,ATE*
(2015 HD10),2015-Apr-29 04:55 ±,1.63/0.00419,1.63/0.00419,12.93,12.88,1.57e+05,26.5,10,APO*
(2015 VN64),2015-Nov-03 17:41 ±,1.64/0.00422,1.63/0.00420,15.82,15.78,413,27.5,5,APO*
(2015 KH160),2015-May-23 09:02 ±   00:45,1.70/0.00437,1.67/0.00429,29.64,29.62,111,26.4,2,APO*
(2016 CN31),2016-Jan-30 03:21 ±   00:02,1.70/0.00437,1.69/0.00433,14.15,14.11,245,27.6,2,APO*
(2015 MA),2015-Jun-17 02:08 ±,1.71/0.00439,1.71/0.00439,16.22,16.18,4.58e+03,26.4,3,APO*
(2015 HO116),2015-Apr-27 07:56 ±,1.73/0.00444,1.73/0.00444,18.20,18.17,1.89e+03,25.5,4,APO*
(2015 HA177),2015-Apr-30 05:59 ±,1.74/0.00448,1.73/0.00444,7.49,7.41,244,27.7,3,APO*
(2016 CE),2016-Feb-04 23:27 ±,1.74/0.00448,1.74/0.00447,8.18,8.11,3.4e+03,28.5,3,ATE*
(2016 CL137),2016-Feb-05 15:33 ±   00:01,1.81/0.00464,1.80/0.00463,21.37,21.34,764,25.8,3,APO*
(2016 DN2),2016-Mar-05 13:48 ±,1.82/0.00468,1.82/0.00467,8.99,8.92,3.04e+03,26.7,6,APO*
(2015 WJ2),2015-Nov-17 13:19 ±   00:03,1.82/0.00468,1.80/0.00462,19.71,19.68,184,26.0,2,APO*
(2015 VK1),2015-Oct-31 05:36 ±,1.84/0.00472,1.83/0.00471,14.63,14.59,920,26.6,10,ATE*
(2016 EG28),2016-Mar-03 14:56 ±,1.85/0.00476,1.85/0.00476,14.78,14.74,1.13e+03,27.8,2,APO*
(2016 CO248),2016-Feb-09 11:56 ±,1.86/0.00479,1.86/0.00478,4.94,4.83,536,27.5,3,ATE*
(2015 EZ6),2015-Mar-13 13:55 ±,1.91/0.00491,1.91/0.00491,3.42,3.26,1.1e+03,28.6,3,APO*
(2015 YM1),2015-Dec-15 22:29 ±,1.95/0.00500,1.94/0.00499,6.90,6.82,1.32e+03,28.6,6,APO*
(2015 QY8),2015-Aug-19 01:11 ±,1.97/0.00507,1.97/0.00505,5.80,5.71,637,27.8,3,APO*
(2016 CN248),2016-Feb-14 01:11 ±,1.97/0.00507,1.97/0.00506,13.45,13.41,1.65e+03,27.3,2,APO*
(2015 HE183),2015-Apr-20 05:12 ±   02:44,2.03/0.00522,1.84/0.00473,13.80,13.76,33.9,28.1,2,APO*
(2016 CC136),2016-Feb-09 10:04 ±,2.07/0.00532,2.07/0.00532,6.48,6.41,6.44e+03,28.7,4,ATE*
(2015 VL64),2015-Nov-03 14:48 ±,2.12/0.00545,2.12/0.00544,8.58,8.52,726,28.3,4,ATE*
(2015 RW35),2015-Sep-13 04:36 ±,2.14/0.00551,2.14/0.00549,6.46,6.39,568,29.2,3,APO*
(2016 CU246),2016-Feb-12 08:08 ±,2.15/0.00553,2.15/0.00552,15.81,15.77,1.27e+03,26.5,6,ATE*
(2015 FC345),2015-Mar-31 16:07 ±,2.15/0.00553,2.15/0.00551,6.63,6.56,501,27.8,2,APO*
(2015 KG158),2015-May-15 01:54 ±   00:02,2.19/0.00563,2.19/0.00562,7.92,7.86,778,28.3,5,APO*
(2016 AM2),2015-Dec-27 19:39 ±   00:07,2.21/0.00567,2.20/0.00564,11.99,11.95,375,26.9,2,APO*
(2015 XT378),2015-Dec-10 11:59 ±,2.25/0.00578,2.23/0.00574,7.56,7.50,241,27.9,2,ATE*
(2015 FQ35),2015-Mar-17 02:25 ±,2.26/0.00580,2.25/0.00578,9.43,9.38,543,25.6,5,APO*
(2015 SV6),2015-Sep-25 13:24 ±,2.31/0.00593,2.31/0.00592,17.96,17.94,1.79e+03,27.7,4,APO*
(2015 TN21),2015-Oct-10 22:17 ±,2.32/0.00597,2.32/0.00596,13.06,13.02,2.16e+03,27.2,5,APO*
(2016 CH137),2016-Feb-07 20:39 ±,2.35/0.00604,2.35/0.00603,26.38,26.36,1.8e+03,25.8,6,APO*
(2015 NG13),2015-Jun-21 09:04 ±   00:14,2.36/0.00607,2.34/0.00600,5.11,5.02,161,24.9,4,ATE*
(2015 OA26),2015-Jul-18 11:20 ±,2.38/0.00612,2.38/0.00611,11.07,11.03,1.36e+03,24.2,9,APO*
(2016 CA29),2016-Feb-07 05:22 ±,2.39/0.00613,2.38/0.00612,6.88,6.82,2.11e+03,28.6,7,APO*
(2015 XX128),2015-Dec-14 00:13 ±,2.40/0.00616,2.40/0.00616,3.69,3.57,3.88e+04,26.0,9,APO*
(2015 PS228),2015-Jul-31 18:32 ±,2.41/0.00620,2.41/0.00619,2.85,2.69,1.74e+03,28.8,11,APO*
(2015 EF),2015-Mar-13 22:00 ±,2.45/0.00629,2.44/0.00626,14.62,14.59,490,26.8,4,APO*
(2015 XN55),2015-Dec-15 05:33 ±,2.46/0.00632,2.46/0.00632,6.22,6.15,4.32e+03,27.2,20,APO*
(2015 GA1),2015-Apr-16 07:13 ±,2.49/0.00640,2.49/0.00640,16.08,16.05,5.63e+04,26.6,9,APO*
(2015 VY),2015-Nov-06 10:39 ±,2.49/0.00641,2.49/0.00640,9.81,9.77,3.51e+03,26.2,6,APO*
(2016 DE1),2016-Feb-25 04:19 ±,2.51/0.00645,2.51/0.00644,19.56,19.54,2.15e+03,25.2,4,APO*
(2016 CJ31),2016-Jan-29 17:32 ±,2.51/0.00645,2.49/0.00640,13.28,13.25,290,27.9,2,APO*
(2015 SH),2015-Sep-15 18:22 ±,2.53/0.00649,2.52/0.00648,5.18,5.10,1.77e+03,28.1,6,APO*
(2015 VP105),2015-Nov-11 05:25 ±,2.54/0.00653,2.54/0.00652,18.02,18.00,2.74e+03,25.6,3,APO*
(2015 LR21),2015-Jun-20 06:15 ±,2.55/0.00654,2.55/0.00654,13.76,13.73,5.54e+05,26.5,15,APO*
(2016 CD30),2016-Feb-01 06:48 ±,2.56/0.00658,2.55/0.00655,10.70,10.66,397,27.7,6,APO*
(2015 XN261),2015-Dec-23 12:37 ±,2.64/0.00678,2.64/0.00678,4.95,4.87,2.88e+03,26.2,15,ATE*
(2015 EG7),2015-Mar-20 21:27 ±,2.72/0.00698,2.72/0.00698,13.14,13.11,4.51e+03,27.4,6,APO*
(2015 EO),2015-Mar-15 14:10 ±,2.75/0.00707,2.74/0.00704,14.20,14.17,504,26.8,7,APO*
(2015 FT117),2015-Mar-28 18:18 ±,2.79/0.00718,2.77/0.00712,10.53,10.50,261,28.4,2,APO*
(2015 GK),2015-Apr-13 21:32 ±,2.81/0.00721,2.80/0.00719,11.93,11.89,574,25.8,5,APO*
(2016 BA15),2016-Feb-01 07:58 ±,2.87/0.00738,2.87/0.00737,15.85,15.83,1.74e+03,26.8,4,APO*
(2015 FC),2015-Mar-26 21:47 ±,2.89/0.00742,2.88/0.00741,7.44,7.40,1.09e+03,26.6,10,APO*
(2015 KO122),2015-May-24 15:23 ±,2.90/0.00745,2.89/0.00743,14.73,14.70,609,27.0,3,APO*
(2015 SA),2015-Sep-15 00:51 ±,2.91/0.00747,2.91/0.00747,8.51,8.47,3.16e+03,25.3,16,ATE*
(2016 AF2),2015-Dec-26 05:41 ±,2.91/0.00747,2.90/0.00745,5.93,5.87,591,28.0,6,ATE*
(2015 XH55),2015-Nov-29 02:37 ±,2.95/0.00758,2.94/0.00756,7.11,7.07,619,29.3,2,APO*
(2016 CB248),2016-Feb-13 13:42 ±,3.03/0.00780,3.03/0.00778,11.26,11.23,967,26.7,5,APO*
(2015 VR64),2015-Nov-12 20:12 ±,3.04/0.00781,3.04/0.00781,7.45,7.41,3.34e+03,27.4,9,APO*
(2016 ET1),2016-Feb-29 00:51 ±,3.11/0.00799,3.10/0.00797,5.50,5.44,731,28.9,2,APO*
(2015 EK),2015-Mar-13 03:59 ±,3.13/0.00805,3.13/0.00803,8.89,8.85,828,26.3,6,APO*
(2015 LF21),2015-Jun-11 21:13 ±,3.17/0.00813,3.16/0.00812,19.34,19.32,1.11e+03,26.0,3,APO*
(2016 AB166),2016-Jan-12 00:30 ±,3.21/0.00826,3.21/0.00826,21.73,21.72,8.77e+03,24.5,8,APO*
(2015 KA122),2015-Jun-06 00:24 ±,3.30/0.00847,3.29/0.00846,10.36,10.33,2.26e+03,23.2,24,APO*
(2015 HE1),2015-Apr-21 04:34 ±,3.30/0.00849,3.29/0.00847,14.38,14.36,798,26.5,8,APO*
(2016 BY),2016-Jan-21 14:49 ±,3.33/0.00855,3.32/0.00853,17.32,17.30,1.38e+03,26.1,5,APO*
(2015 XC),2015-Dec-08 10:20 ±,3.34/0.00859,3.34/0.00859,8.16,8.12,8.81e+05,25.2,16,APO*
(2015 GE1),2015-Apr-13 01:09 ±,3.37/0.00865,3.37/0.00865,10.33,10.30,2.87e+03,25.7,6,APO*
(2015 EQ),2015-Mar-12 11:06 ±,3.40/0.00873,3.40/0.00873,10.07,10.04,3.49e+03,26.1,9,ATE*
(2015 VC1),2015-Oct-22 21:26 ±   00:01,3.41/0.00876,3.40/0.00874,4.30,4.23,540,27.2,7,APO*
(2016 CD31),2016-Feb-12 07:17 ±,3.42/0.00878,3.41/0.00877,14.36,14.34,2.02e+03,27.0,7,APO*
(2015 FF36),2015-Mar-28 06:16 ±,3.53/0.00907,3.53/0.00907,8.81,8.78,1.95e+03,26.6,5,APO*
(2015 JC1),2015-May-08 17:53 ±,3.54/0.00909,3.53/0.00907,15.15,15.13,1.13e+03,27.1,5,APO*
(2015 JD),2015-May-10 23:25 ±,3.55/0.00913,3.55/0.00912,8.75,8.71,2.08e+03,25.5,8,APO*
(2015 WV12),2015-Nov-28 08:57 ±,3.56/0.00915,3.56/0.00914,8.65,8.62,1.8e+03,26.9,7,APO*
(2015 FW117),2015-Apr-01 15:54 ±,3.59/0.00922,3.58/0.00921,18.73,18.71,2.46e+03,22.7,14,ATE*
(2016 CK31),2016-Feb-09 14:43 ±,3.64/0.00936,3.64/0.00935,7.41,7.37,3.01e+03,27.1,6,APO*
(2015 FK),2015-Mar-19 06:53 ±,3.65/0.00938,3.65/0.00937,7.02,6.98,3.97e+03,25.3,4,APO*
(2015 LH),2015-Jun-10 06:58 ±,3.68/0.00945,3.67/0.00944,8.51,8.48,1.2e+03,27.2,5,APO*
(2016 CE31),2016-Jan-31 09:51 ±,3.74/0.00960,3.73/0.00958,7.38,7.34,1.03e+03,27.5,5,APO*
(2014 UR),2015-Oct-18 09:03 ±,3.81/0.00980,3.81/0.00980,4.40,4.34,2.56e+06,26.6,27,ATE*
(2015 VK64),2015-Nov-03 19:28 ±   00:01,3.84/0.00986,3.83/0.00984,11.26,11.24,1.09e+03,27.4,2,APO*
(2015 XG352),2015-Dec-01 14:50 ±,3.85/0.00988,3.83/0.00985,14.32,14.30,674,25.5,3,APO*
(2016 CK137),2016-Feb-02 09:42 ±,3.92/0.01006,3.89/0.00999,10.16,10.13,268,27.4,4,APO*
(2015 YC1),2015-Dec-22 12:35 ±,3.92/0.01008,3.92/0.01006,8.06,8.02,1.31e+03,26.1,7,APO*
(2015 RX35),2015-Aug-31 08:07 ±,3.93/0.01009,3.90/0.01002,6.81,6.77,240,26.6,6,APO*
(2016 ED1),2016-Mar-01 14:05 ±,3.97/0.01021,3.97/0.01019,9.24,9.21,1.23e+03,25.8,3,APO*
(2015 TG24),2015-Oct-12 08:06 ±,3.99/0.01026,3.99/0.01025,9.62,9.59,2.46e+03,26.7,6,ATE*
(2015 JR),2015-May-13 22:06 ±,4.00/0.01027,3.99/0.01025,10.19,10.17,781,26.3,5,APO*
(2015 SM),2015-Sep-18 23:59 ±,4.01/0.01031,4.01/0.01031,5.40,5.36,2.17e+03,28.4,4,APO*
(2015 XD169),2015-Dec-06 02:29 ±,4.06/0.01042,4.05/0.01042,3.85,3.78,2.6e+03,26.9,14,APO*
(2016 BF1),2016-Jan-12 13:56 ±,4.15/0.01065,4.11/0.01055,8.19,8.16,184,25.5,3,APO*
(2015 FF),2015-Mar-20 20:28 ±,4.15/0.01067,4.14/0.01065,9.78,9.75,1.06e+03,26.6,4,APO*
(2015 QT3),2015-Aug-28 02:56 ±,4.15/0.01068,4.15/0.01068,26.27,26.26,9.22e+05,24.0,27,APO*
(2015 SE),2015-Sep-20 20:31 ±,4.18/0.01075,4.17/0.01072,10.02,10.00,772,26.4,6,APO*
(2015 TZ143),2015-Oct-22 05:43 ±,4.20/0.01080,4.20/0.01078,10.25,10.23,1.33e+03,26.3,9,APO*
(2015 PL307),2015-Aug-02 04:39 ±   00:01,4.23/0.01087,4.16/0.01070,12.45,12.43,182,25.7,2,APO*
(2016 CH29),2016-Jan-29 15:04 ±,4.24/0.01090,4.23/0.01086,15.19,15.17,651,26.2,3,APO*
(2015 TM145),2015-Oct-07 11:47 ±,4.26/0.01095,4.22/0.01085,21.57,21.56,285,24.7,5,APO*
(2016 AV64),2016-Jan-01 18:58 ±,4.33/0.01113,4.29/0.01101,14.63,14.62,215,27.2,2,APO*
(2015 UR67),2015-Oct-27 10:10 ±,4.37/0.01123,4.36/0.01121,12.27,12.25,1.15e+03,26.3,14,APO*
(2015 QH3),2015-Aug-21 18:18 ±,4.38/0.01125,4.38/0.01124,7.09,7.06,3.11e+03,27.0,9,APO*
(2015 XG55),2015-Nov-30 10:08 ±,4.51/0.01158,4.48/0.01152,17.67,17.66,509,27.7,2,APO*
(2016 DX30),2016-Feb-09 07:51 ±,4.63/0.01191,4.61/0.01186,10.64,10.62,429,26.6,1,APO*
(2015 QK),2015-Aug-19 02:55 ±,4.67/0.01201,4.67/0.01200,8.35,8.32,2.12e+03,26.3,8,AMO*
(2016 DL1),2016-Mar-01 18:22 ±,4.68/0.01202,4.68/0.01201,8.61,8.59,3.15e+03,26.8,5,APO*
(2015 TK21),2015-Oct-12 07:02 ±,4.77/0.01227,4.77/0.01225,10.38,10.36,1.01e+03,26.4,8,APO*
(2016 CK248),2016-Feb-24 09:29 ±,4.81/0.01237,4.80/0.01233,9.78,9.76,564,26.7,4,APO*
(2015 WN1),2015-Nov-13 18:51 ±,4.83/0.01242,4.82/0.01238,9.28,9.26,662,26.5,7,APO*
(2016 CW30),2016-Feb-12 15:35 ±,4.89/0.01257,4.88/0.01253,12.20,12.18,665,26.7,6,APO*
(2015 MO116),2015-Jul-07 00:05 ±,4.92/0.01265,4.92/0.01265,9.32,9.30,6.26e+05,24.0,10,APO*
(2015 YC2),2016-Jan-15 07:21 ±,4.93/0.01266,4.92/0.01264,15.43,15.42,2.37e+03,23.4,19,APO*
(2015 SG),2015-Sep-13 19:01 ±,4.95/0.01272,4.95/0.01271,8.33,8.30,2.22e+03,26.4,15,APO*
(2015 QS8),2015-Aug-22 14:44 ±,5.00/0.01285,4.99/0.01282,7.79,7.77,825,27.0,5,AMO*
(2016 BV),2016-Jan-13 07:52 ±,5.00/0.01285,4.94/0.01270,10.29,10.27,168,25.9,3,APO*
(2016 CS247),2016-Feb-09 02:16 ±,5.02/0.01291,5.02/0.01289,3.98,3.93,1.45e+03,25.7,13,APO*
(2015 XP169),2015-Dec-05 02:31 ±,5.03/0.01292,5.01/0.01286,10.47,10.45,424,26.1,6,APO*
(2015 YH),2015-Dec-10 22:39 ±   00:02,5.03/0.01294,4.96/0.01274,6.91,6.88,115,27.9,2,APO*
(2015 RW2),2015-Sep-04 19:42 ±,5.11/0.01313,5.09/0.01307,6.60,6.57,360,27.6,5,APO*
(2015 XC352),2015-Dec-30 19:01 ±,5.18/0.01332,5.18/0.01332,4.60,4.55,3.43e+05,25.7,18,APO*
(2015 LH2),2015-Jun-09 10:55 ±,5.19/0.01334,5.17/0.01330,11.71,11.69,709,26.2,2,APO*
(2015 VU65),2015-Nov-14 22:04 ±,5.23/0.01343,5.21/0.01339,13.36,13.34,793,26.4,10,APO*
(2015 RO83),2015-Sep-09 00:47 ±,5.35/0.01376,5.34/0.01373,6.33,6.30,807,25.1,7,APO*
(2015 XV351),2015-Dec-29 01:12 ±   00:02,5.36/0.01377,5.34/0.01372,6.21,6.18,4.26e+03,25.9,4,APO*
(2015 HR43),2015-Apr-15 03:46 ±   00:01,5.41/0.01390,5.38/0.01383,13.87,13.86,428,26.3,5,APO*
(2015 PU227),2015-Aug-07 12:58 ±,5.42/0.01393,5.41/0.01390,8.72,8.70,945,26.7,9,APO*
(2015 UK),2015-Oct-10 09:33 ±   00:03,5.45/0.01400,5.39/0.01384,9.93,9.91,173,26.4,2,APO*
(2015 VM64),2015-Nov-10 21:57 ±,5.46/0.01403,5.45/0.01401,18.64,18.63,1.48e+03,26.1,8,APO*
(2015 KK),2015-May-15 17:05 ±,5.47/0.01405,5.45/0.01402,24.47,24.46,956,25.1,3,APO*
(2015 YE1),2015-Dec-22 11:29 ±,5.52/0.01419,5.51/0.01415,10.29,10.27,861,27.4,6,APO*
(2015 VN105),2015-Nov-16 09:23 ±,5.54/0.01423,5.52/0.01419,11.01,10.99,662,27.6,6,APO*
(2015 MZ53),2015-Jun-09 00:11 ±   00:19,5.56/0.01428,5.29/0.01360,4.54,4.50,34.1,27.5,3,APO*
(2015 YT),2015-Dec-10 07:38 ±   00:03,5.57/0.01431,5.54/0.01424,8.32,8.30,352,25.8,3,ATE*
(2016 CZ247),2016-Feb-10 06:51 ±   00:02,5.58/0.01434,5.52/0.01418,11.69,11.67,183,26.9,3,APO*
(2015 KY56),2015-May-25 05:40 ±,5.66/0.01455,5.64/0.01448,13.04,13.02,431,26.4,3,APO*
(2016 BN14),2016-Jan-24 05:52 ±   00:04,5.67/0.01458,5.63/0.01447,22.42,22.41,381,26.5,2,APO*
(2015 WB1),2015-Nov-15 20:50 ±,5.74/0.01476,5.73/0.01474,15.31,15.29,1.52e+03,23.5,14,APO*
(2015 PK9),2015-Aug-07 05:44 ±,5.77/0.01482,5.77/0.01482,8.69,8.67,5.01e+05,23.7,24,APO*
(2015 TA238),2015-Oct-13 05:28 ±,5.78/0.01485,5.77/0.01482,8.62,8.60,881,26.2,3,APO*
(2016 DB1),2016-Feb-26 04:01 ±,5.78/0.01485,5.78/0.01484,7.87,7.84,2.64e+03,26.5,5,APO*
(2015 VC2),2016-Jan-28 12:59 ±,5.80/0.01491,5.80/0.01491,1.16,0.99,1.39e+05,27.4,29,APO*
(2015 FK120),2015-Apr-05 13:56 ±,5.81/0.01493,5.80/0.01489,4.84,4.81,707,27.2,6,APO*
(2016 BU),2016-Jan-23 19:26 ±,5.82/0.01496,5.80/0.01491,6.26,6.23,518,26.8,4,ATE*
(2016 BE),2016-Feb-01 00:26 ±,5.85/0.01504,5.85/0.01503,9.40,9.38,3.03e+03,23.6,16,APO*
(2015 VH65),2015-Nov-11 10:02 ±,5.89/0.01514,5.88/0.01512,8.17,8.14,1.34e+03,27.7,5,ATE*
(2015 TL21),2015-Oct-06 02:42 ±,5.90/0.01517,5.90/0.01515,15.49,15.48,1.49e+03,26.6,13,APO*
(2016 DM1),2016-Mar-03 18:25 ±,5.91/0.01519,5.91/0.01518,14.65,14.64,1.86e+03,26.2,5,APO*
413577 (2005 UL5),2015-Nov-20 04:14 ±,5.95/0.01528,5.95/0.01528,18.99,18.98,5.85e+06,20.2,73,ATE*
(2015 GB1),2015-Apr-13 14:27 ±,6.00/0.01542,5.98/0.01536,7.67,7.65,487,26.7,5,APO*
(2015 GL),2015-Apr-13 05:53 ±,6.03/0.01549,6.01/0.01544,8.62,8.60,614,25.0,8,APO*
(2015 FM),2015-Mar-23 02:50 ±,6.08/0.01563,6.07/0.01560,15.05,15.04,1.02e+03,26.2,7,APO*
(2016 CN194),2016-Feb-13 13:57 ±,6.11/0.01570,6.10/0.01568,8.26,8.24,1.34e+03,27.0,5,APO*
(2016 DK1),2016-Feb-20 17:17 ±,6.15/0.01580,6.13/0.01576,7.38,7.35,690,27.3,5,APO*
(2016 AP131),2016-Jan-11 06:57 ±,6.16/0.01584,6.15/0.01581,8.14,8.12,873,26.8,3,APO*
(2015 KZ121),2015-May-20 02:40 ±,6.18/0.01589,6.15/0.01581,12.35,12.34,393,25.4,3,APO*
(2015 UH52),2015-Oct-20 22:45 ±,6.23/0.01600,6.22/0.01597,10.79,10.78,1.08e+03,26.0,10,ATE*
(2015 KA),2015-May-15 19:28 ±,6.23/0.01601,6.22/0.01599,5.69,5.66,2.11e+03,26.2,12,ATE*
(2015 VO64),2015-Nov-06 21:38 ±,6.31/0.01621,6.30/0.01619,10.48,10.47,2.4e+03,26.3,7,APO*
(2015 XV1),2015-Dec-09 07:24 ±,6.33/0.01628,6.31/0.01621,12.00,11.99,493,26.9,7,APO*
(2016 BJ15),2016-Jan-25 11:56 ±,6.34/0.01629,6.33/0.01626,11.04,11.02,1.15e+03,23.5,13,APO*
(2015 RG2),2015-Sep-07 17:58 ±,6.38/0.01638,6.36/0.01635,8.09,8.07,1e+03,26.7,4,AMO*
(2015 YQ10),2015-Dec-19 21:25 ±   00:01,6.38/0.01638,6.34/0.01628,8.99,8.97,291,27.0,2,APO*
(2015 FA285),2015-Mar-31 22:19 ±,6.39/0.01643,6.37/0.01636,11.25,11.23,461,26.4,7,ATE*
436724 (2011 UW158),2015-Jul-19 14:37 ±,6.40/0.01644,6.40/0.01644,6.04,6.01,3.4e+07,19.9,133,APO*
(2015 FO34),2015-Mar-23 17:49 ±,6.42/0.01651,6.41/0.01646,5.11,5.08,652,27.6,3,APO*
(2015 YS9),2015-Dec-25 17:29 ±,6.43/0.01652,6.41/0.01646,8.44,8.42,579,26.1,9,APO*
(2016 AW192),2016-Jan-08 14:07 ±   00:03,6.45/0.01657,6.37/0.01637,19.96,19.95,198,25.3,3,APO*
(2015 RO35),2015-Aug-28 00:19 ±   00:03,6.47/0.01663,6.41/0.01647,7.07,7.05,174,25.7,6,AMO*
(2015 RQ36),2015-Sep-01 07:07 ±,6.50/0.01671,6.50/0.01670,7.32,7.29,3.36e+03,24.5,18,APO*
(2015 GZ5),2015-Apr-09 00:02 ±,6.52/0.01675,6.51/0.01672,15.06,15.05,1.08e+03,25.5,3,APO*
(2015 FV344),2015-Mar-21 01:46 ±,6.55/0.01682,6.15/0.01581,15.12,15.11,63.8,25.2,2,APO*
(2015 XE55),2015-Nov-16 22:41 ±   00:14,6.57/0.01689,6.51/0.01674,8.98,8.96,222,26.0,2,APO*
(2016 AT193),2016-Jan-06 14:40 ±   00:03,6.58/0.01692,6.51/0.01673,14.98,14.96,196,26.5,2,APO*
(2015 KM57),2015-Jun-03 16:35 ±,6.61/0.01699,6.59/0.01694,14.17,14.16,731,25.4,12,APO*
(2016 CD137),2016-Feb-19 05:23 ±,6.64/0.01707,6.64/0.01705,7.47,7.45,1.54e+03,26.1,8,APO*
(2012 XT111),2015-Dec-05 01:17 ±,6.69/0.01719,6.69/0.01719,14.52,14.51,4.71e+04,25.9,10,APO*
(2016 CA30),2016-Jan-22 09:13 ±   00:02,6.73/0.01728,6.65/0.01709,6.51,6.49,156,27.6,4,APO*
(2015 MC),2015-Jun-10 20:20 ±,6.73/0.01728,6.71/0.01725,7.33,7.31,851,24.1,15,APO*
(2015 RT82),2015-Sep-04 22:51 ±,6.74/0.01732,6.72/0.01726,5.68,5.65,538,25.8,10,APO*
(2016 DY21),2016-Feb-19 18:39 ±   00:10,6.77/0.01738,6.58/0.01690,12.65,12.64,81.1,25.8,1,APO*
(2015 XV261),2015-Dec-08 03:07 ±,6.78/0.01743,6.77/0.01740,12.00,11.99,946,25.4,6,APO*
(2015 MA54),2015-Jun-25 06:07 ±,6.80/0.01748,6.78/0.01741,10.10,10.09,500,25.3,8,APO*
(2016 DG),2016-Feb-14 03:25 ±,6.82/0.01753,6.79/0.01745,7.88,7.86,407,27.7,2,APO*
(2016 AD65),2015-Dec-27 21:13 ±   00:03,6.86/0.01764,6.78/0.01742,8.93,8.91,147,27.0,3,APO*
(2015 VA106),2015-Nov-06 20:48 ±,6.91/0.01775,6.90/0.01774,11.53,11.52,3.49e+03,22.6,20,APO*
(2016 CZ30),2016-Feb-05 13:05 ±,6.93/0.01781,6.92/0.01779,12.22,12.20,1.69e+03,25.7,6,APO*
(2015 XX378),2015-Dec-24 01:53 ±,6.94/0.01783,6.93/0.01781,15.32,15.31,1.38e+03,24.8,4,APO*
(2015 JR1),2015-May-07 17:19 ±,6.96/0.01787,6.93/0.01780,7.19,7.17,432,26.1,7,ATE*
(2015 EP),2015-Mar-13 18:22 ±,6.99/0.01797,6.98/0.01793,6.02,6.00,967,26.0,6,APO*
(2015 VC106),2015-Nov-18 01:33 ±,6.99/0.01797,6.98/0.01795,6.01,5.99,1.56e+03,26.3,6,APO*
(2016 EE1),2016-Feb-28 23:22 ±,7.03/0.01807,7.00/0.01800,15.08,15.07,564,24.5,3,APO*
(2015 XV384),2015-Dec-19 03:16 ±   01:10,7.04/0.01809,6.94/0.01782,9.72,9.71,185,26.4,2,APO*
(2015 XE),2015-Nov-23 12:13 ±,7.05/0.01811,7.04/0.01809,5.73,5.70,1.31e+03,24.7,17,APO*
(2015 HS11),2015-May-01 11:03 ±,7.13/0.01832,7.13/0.01832,3.90,3.86,7.34e+03,27.1,16,APO*
(2015 QK9),2015-Aug-22 09:28 ±,7.13/0.01833,7.12/0.01830,18.07,18.07,1.42e+03,25.0,3,APO*
(2016 AT131),2016-Jan-08 06:52 ±,7.14/0.01834,7.12/0.01829,6.16,6.13,633,27.1,8,APO*
(2015 VD105),2015-Nov-16 23:50 ±,7.22/0.01856,7.21/0.01853,12.75,12.73,1.19e+03,24.6,5,APO*
(2015 HA117),2015-Apr-27 09:29 ±,7.23/0.01858,7.16/0.01840,10.98,10.97,208,27.2,4,APO*
(2016 AY64),2016-Jan-01 18:35 ±,7.24/0.01860,7.18/0.01845,11.19,11.18,258,26.4,5,APO*
(2016 CA248),2016-Feb-09 11:36 ±   00:01,7.32/0.01882,7.25/0.01862,8.57,8.56,178,27.5,3,APO*
(2015 PS56),2015-Jul-31 07:06 ±   00:02,7.37/0.01893,7.31/0.01877,16.14,16.13,265,24.0,4,APO*
(2015 YJ1),2015-Dec-24 00:53 ±,7.38/0.01896,7.35/0.01888,6.08,6.06,414,27.6,3,APO*
(2016 DF1),2016-Feb-20 22:43 ±,7.39/0.01900,7.37/0.01893,21.24,21.24,664,24.3,7,APO*
(2015 XA169),2015-Dec-12 14:59 ±,7.41/0.01904,7.39/0.01898,10.31,10.30,630,27.4,9,APO*
(2016 AE65),2015-Dec-21 17:59 ±   00:10,7.46/0.01916,7.32/0.01882,8.61,8.60,128,24.7,4,ATE*
(2015 VE66),2015-Nov-21 22:32 ±,7.47/0.01919,7.47/0.01918,7.22,7.20,5.89e+03,24.1,32,APO*
(2015 WA13),2015-Dec-06 15:19 ±,7.47/0.01920,7.47/0.01919,4.29,4.26,2.98e+03,26.1,15,APO*
(2015 KU121),2015-Jun-07 18:34 ±,7.48/0.01923,7.47/0.01919,16.30,16.29,1.11e+03,22.9,27,APO*
(2015 VG65),2015-Nov-05 04:28 ±,7.59/0.01949,7.56/0.01943,14.97,14.96,736,26.1,6,APO*
(2016 AN9),2016-Jan-07 00:55 ±,7.67/0.01971,7.63/0.01960,8.73,8.72,327,26.7,3,APO*
(2015 LK),2015-Jun-17 23:30 ±,7.87/0.02021,7.85/0.02018,8.16,8.15,1.07e+03,25.4,17,APO*
(2013 BQ18),2015-Jul-20 04:57 ±   10:40,7.87/0.02022,3.41/0.00876,14.09,14.08,1.32e+03,25.3,3,APO*
(2016 EE28),2016-Feb-24 22:41 ±   00:03,7.88/0.02024,7.84/0.02015,3.80,3.77,299,26.8,1,APO*
(2015 HE10),2015-Apr-25 08:49 ±,7.96/0.02044,7.93/0.02038,9.66,9.64,624,26.1,7,APO*
(2015 FN34),2015-Mar-25 05:18 ±,8.00/0.02056,7.94/0.02041,11.49,11.48,275,26.7,2,APO*
(2016 CU29),2016-Feb-11 00:00 ±,8.03/0.02064,8.02/0.02061,9.03,9.01,1.14e+03,26.4,10,APO*
(2015 XV168),2015-Nov-30 22:38 ±   00:01,8.06/0.02070,8.02/0.02061,5.02,5.00,371,27.4,2,APO*
(2015 YQ),2015-Dec-11 11:36 ±   00:01,8.10/0.02082,8.05/0.02068,17.39,17.38,343,24.2,6,APO*
(2015 XA379),2016-Feb-07 02:38 ±,8.12/0.02085,8.11/0.02085,2.73,2.69,1.7e+04,25.3,31,APO*
(2015 VH1),2015-Nov-04 12:00 ±,8.20/0.02107,8.19/0.02104,5.08,5.06,976,27.4,10,APO*
(2016 AH65),2016-Jan-04 03:59 ±,8.20/0.02108,8.17/0.02099,8.77,8.75,466,25.9,4,APO*
(2016 AU193),2015-Dec-31 08:59 ±   00:01,8.24/0.02119,8.06/0.02070,21.92,21.92,110,25.3,2,APO*
(2015 UL52),2015-Oct-25 21:53 ±,8.28/0.02127,8.26/0.02124,6.69,6.67,990,25.0,7,APO*
(2015 KK57),2015-Jun-23 03:59 ±,8.32/0.02137,8.32/0.02137,1.50,1.42,6.69e+04,27.6,14,AMO*
(2015 VE),2015-Oct-29 12:23 ±,8.34/0.02144,8.34/0.02142,5.93,5.91,1.79e+03,25.8,9,APO*
(2016 EE),2016-Feb-22 23:22 ±   00:01,8.35/0.02146,8.32/0.02138,9.80,9.79,553,25.4,3,APO*
(2016 CQ246),2016-Feb-15 08:04 ±,8.35/0.02146,8.34/0.02142,17.54,17.53,1.44e+03,25.3,3,APO*
(2015 FJ120),2015-Mar-17 17:16 ±,8.36/0.02148,8.30/0.02132,8.95,8.93,252,26.1,4,APO*
(2015 XX169),2015-Dec-14 15:01 ±,8.41/0.02160,8.39/0.02156,6.35,6.33,826,27.4,4,ATE*
(2015 TC144),2015-Oct-08 20:35 ±,8.47/0.02176,8.43/0.02167,24.67,24.67,629,24.4,7,APO*
(2016 BQ15),2016-Feb-08 19:50 ±,8.52/0.02190,8.51/0.02187,20.83,20.82,1.75e+03,25.1,7,APO*
(2015 KQ120),2015-May-31 20:36 ±,8.53/0.02192,8.49/0.02181,7.32,7.30,363,26.7,6,APO*
(2015 GY5),2015-Mar-25 15:10 ±   00:34,8.64/0.02219,8.42/0.02162,14.46,14.45,85.8,24.4,3,APO*
(2016 BK1),2016-Jan-17 09:55 ±,8.65/0.02222,8.63/0.02218,8.43,8.42,1.19e+03,24.7,8,APO*
(2015 GB6),2015-Apr-03 22:21 ±,8.68/0.02229,8.60/0.02209,11.85,11.84,227,26.5,6,APO*
(2015 GZ),2015-Apr-07 23:33 ±,8.70/0.02235,8.66/0.02225,18.49,18.49,572,26.1,5,APO*
(2016 AX164),2016-Jan-09 16:49 ±,8.70/0.02236,8.68/0.02231,7.87,7.85,944,25.7,3,APO*
(2014 KS76),2015-Sep-14 22:12 ±,8.72/0.02241,8.72/0.02241,7.60,7.58,2.78e+05,26.6,16,ATE*
(2015 WZ12),2015-Dec-01 09:33 ±,8.82/0.02267,8.81/0.02263,7.89,7.88,1.17e+03,26.4,8,ATE*
(2015 LG),2015-Jun-18 08:53 ±,8.83/0.02269,8.82/0.02267,10.01,10.00,1.6e+03,24.5,10,APO*
(2015 HL171),2015-May-02 05:56 ±,8.85/0.02273,8.82/0.02266,15.48,15.47,683,24.2,5,APO*
(2015 YK),2015-Dec-22 14:11 ±,8.86/0.02276,8.85/0.02275,3.33,3.29,3.3e+03,25.9,12,APO*
(2015 FH37),2015-Mar-27 10:26 ±,8.89/0.02284,8.81/0.02263,18.91,18.91,264,24.7,4,APO*
(2015 GB14),2015-Apr-28 15:24 ±,8.95/0.02299,8.92/0.02292,12.20,12.19,649,25.4,12,APO*
(2015 XH261),2015-Nov-24 14:42 ±   00:09,8.97/0.02305,8.61/0.02213,12.22,12.21,183,24.6,3,APO*
(2015 VV105),2015-Nov-13 19:18 ±,8.98/0.02306,8.96/0.02301,5.54,5.52,744,28.3,4,APO*
(2016 EH1),2016-Feb-24 16:05 ±,9.00/0.02312,8.95/0.02300,8.92,8.91,379,22.8,3,ATE*
(2015 JF),2015-May-18 07:18 ±,9.03/0.02321,9.01/0.02316,7.81,7.79,783,26.3,8,APO*
(2015 PL57),2015-Jun-29 18:38 ±   00:04,9.12/0.02343,9.12/0.02343,3.24,3.21,1.8e+04,25.7,11,APO*
(2015 VZ145),2015-Dec-08 08:33 ±,9.18/0.02359,9.18/0.02359,7.40,7.38,2.27e+04,23.7,22,APO*
(2016 CN29),2016-Jan-27 06:58 ±   00:01,9.23/0.02372,9.15/0.02351,18.43,18.42,311,24.3,4,APO*
(2016 AF166),2016-Jan-21 03:16 ±,9.25/0.02377,9.21/0.02365,11.53,11.52,408,25.4,4,APO*
(2015 XW384),2015-Dec-03 08:43 ±   09:18,9.30/0.02389,9.09/0.02335,12.49,12.48,34.9,26.1,2,APO*
(2015 HJ),2015-Apr-14 14:21 ±,9.33/0.02398,9.31/0.02393,7.43,7.41,856,27.0,6,AMO*
(2015 YV9),2015-Dec-26 15:03 ±,9.37/0.02407,9.34/0.02401,7.40,7.39,764,25.8,4,APO*
(2015 XX129),2015-Jun-05 13:56 ±   00:57,9.39/0.02412,8.75/0.02249,4.44,4.41,493,26.6,3,APO*
(2015 XV129),2015-Dec-05 16:28 ±,9.41/0.02419,9.40/0.02415,6.94,6.93,945,26.9,5,APO*
(2015 UH),2015-Oct-29 17:57 ±,9.43/0.02423,9.36/0.02405,9.83,9.81,258,25.4,5,APO*
(2015 XQ129),2015-Nov-16 16:21 ±   00:48,9.44/0.02425,9.05/0.02326,17.76,17.75,137,24.5,3,APO*
(2015 GV),2015-Apr-04 07:33 ±,9.49/0.02438,9.43/0.02424,12.27,12.26,366,24.9,5,APO*
(2015 FX35),2015-Mar-13 19:58 ±,9.49/0.02439,9.40/0.02415,7.17,7.15,183,27.7,2,APO*
(2015 TB25),2015-Oct-11 17:54 ±,9.51/0.02445,9.50/0.02441,9.55,9.54,1.15e+03,24.5,9,APO*
(2015 XU169),2015-Dec-10 03:05 ±,9.52/0.02446,9.49/0.02438,8.52,8.50,533,27.0,4,APO*
(2016 CE194),2016-Feb-06 23:23 ±,9.52/0.02447,9.51/0.02443,9.19,9.18,1.13e+03,26.2,8,APO*
(2015 FW33),2015-Mar-23 03:23 ±,9.55/0.02454,9.53/0.02449,4.79,4.77,774,25.8,12,APO*
(2015 XB128),2015-Nov-25 13:23 ±   00:03,9.56/0.02458,9.49/0.02439,9.22,9.21,262,25.2,3,ATE*
(2015 FP),2015-Mar-28 04:23 ±,9.65/0.02479,9.61/0.02469,7.49,7.48,468,25.2,5,APO*
(2015 PT227),2015-Aug-29 16:04 ±,9.65/0.02480,9.62/0.02471,9.35,9.34,523,23.9,5,APO*
(2015 HW10),2015-Apr-23 14:37 ±,9.66/0.02481,9.64/0.02476,8.36,8.35,906,25.7,4,ATE*
(2015 WC1),2015-Nov-20 09:09 ±,9.68/0.02487,9.67/0.02484,6.08,6.06,1.73e+03,25.2,21,APO*
(2015 VT64),2015-Nov-09 19:14 ±,9.68/0.02488,9.66/0.02482,10.07,10.06,938,26.0,11,APO*
(2011 YD29),2015-Dec-24 05:20 ±   23:21,9.68/0.02488,7.00/0.01800,7.04,7.02,1.79e+04,26.3,4,ATE*
(2016 DH),2016-Feb-15 10:56 ±   00:01,9.72/0.02497,9.69/0.02490,4.32,4.30,591,27.6,4,APO*
(2015 XL261),2015-Dec-17 11:58 ±,9.73/0.02499,9.69/0.02490,10.50,10.49,546,25.5,9,APO*
(2015 FN33),2015-Apr-06 21:01 ±   00:02,9.80/0.02517,9.68/0.02489,5.16,5.14,147,26.0,7,APO*
(2015 ST),2015-Sep-09 03:45 ±   00:02,9.86/0.02535,9.71/0.02494,10.85,10.84,123,26.2,6,APO*
(2015 SB),2015-Sep-18 16:09 ±,9.95/0.02557,9.94/0.02553,7.06,7.05,1.07e+03,26.6,5,AMO*
(2015 GX12),2015-Apr-04 19:43 ±,10.01/0.02573,9.97/0.02562,7.22,7.20,400,25.2,4,APO*
(2015 KT56),2015-May-18 14:12 ±,10.02/0.02575,10.00/0.02569,9.59,9.58,813,26.1,8,APO*
(2015 XA378),2015-Dec-19 19:16 ±,10.02/0.02576,9.97/0.02562,17.23,17.23,442,25.7,7,APO*
(2012 XB112),2015-Jun-11 21:11 ±   00:04,10.07/0.02588,10.02/0.02574,4.90,4.88,3.48e+04,29.9,16,APO*
(2015 VD106),2015-Nov-09 20:08 ±,10.09/0.02592,10.04/0.02580,8.46,8.45,387,26.8,5,APO*
(2015 TJ),2015-Sep-25 13:10 ±,10.11/0.02597,10.09/0.02592,23.16,23.16,2.43e+03,22.9,4,APO*
(2015 FL35),2015-Mar-25 13:35 ±,10.18/0.02615,10.15/0.02609,13.75,13.74,959,24.3,3,APO*
(2015 RY82),2015-Sep-03 19:05 ±,10.20/0.02622,10.12/0.02601,9.50,9.49,231,26.6,3,APO*
(2016 AC166),2016-Jan-09 23:28 ±,10.25/0.02634,10.20/0.02621,19.75,19.74,475,23.2,3,APO*
(2015 ST6),2015-Sep-29 03:28 ±,10.33/0.02654,10.28/0.02642,18.09,18.09,522,24.4,6,APO*
(2016 EJ55),2016-Feb-24 07:31 ±   00:23,10.33/0.02655,10.31/0.02648,6.99,6.98,489,24.4,1,APO*
(2015 RU1),2015-Sep-01 02:39 ±,10.34/0.02656,10.31/0.02650,14.52,14.51,1.17e+03,24.4,10,APO*
(2015 KP57),2015-May-28 04:36 ±,10.38/0.02666,10.31/0.02650,15.25,15.24,356,24.9,4,ATE*
(2015 YC10),2016-Jan-04 15:20 ±,10.40/0.02672,10.38/0.02668,15.61,15.60,1.29e+03,24.9,7,APO*
(2015 RC),2015-Sep-08 09:45 ±,10.47/0.02690,10.46/0.02687,19.47,19.47,1.93e+03,24.3,4,APO*
(2015 VE106),2015-Nov-11 23:29 ±,10.53/0.02707,10.52/0.02702,6.28,6.26,948,24.3,7,APO*
(2015 TD179),2015-Nov-04 18:01 ±,10.55/0.02710,10.54/0.02708,10.12,10.11,1.87e+03,24.6,13,APO*
(2016 CB31),2016-Feb-24 06:35 ±,10.57/0.02716,10.56/0.02713,8.55,8.54,1.68e+03,25.0,10,APO*
(2015 HM182),2015-Mar-30 22:30 ± 3_03:59,10.57/0.02717,6.58/0.01692,4.73,4.71,9.05,29.0,2,APO*
(2016 CD136),2016-Jan-26 13:15 ±   00:01,10.62/0.02728,10.49/0.02696,11.82,11.81,324,25.5,4,APO*
(2015 MC54),2015-Jun-08 21:58 ±   00:02,10.63/0.02731,10.62/0.02729,1.80,1.75,2.93e+03,26.8,7,AMO*
(2015 TB1),2015-Sep-27 17:58 ±,10.64/0.02734,10.58/0.02720,8.25,8.24,333,26.4,8,AMO*
(2005 KA),2015-Apr-14 01:49 ±,10.65/0.02737,10.65/0.02737,4.41,4.39,1.54e+05,24.7,14,ATE*
(2015 NR2),2015-Jul-09 07:28 ±   00:04,10.70/0.02750,10.64/0.02733,7.21,7.20,293,26.3,2,AMO*
(2015 TS238),2015-Oct-08 06:48 ±   00:04,10.72/0.02753,10.65/0.02737,15.32,15.31,391,25.4,4,APO*
(2015 DO223),2015-Mar-21 03:41 ±,10.75/0.02761,10.72/0.02755,19.06,19.06,1.32e+03,23.4,5,APO*
(2015 SW6),2015-Sep-15 04:12 ±,10.76/0.02764,10.74/0.02761,11.17,11.16,1.84e+03,24.6,12,APO*
(2016 EW1),2016-Mar-07 22:14 ±,10.76/0.02765,10.74/0.02759,12.67,12.67,949,25.2,3,APO*
(2015 FB118),2015-Mar-13 20:33 ±,10.78/0.02770,10.74/0.02761,11.33,11.32,1.02e+03,23.7,12,APO*
(2015 WP1),2015-Oct-29 11:07 ±   00:29,10.78/0.02770,10.59/0.02722,14.12,14.11,173,23.7,3,APO*
(2015 WF13),2015-Dec-07 00:50 ±,10.82/0.02782,10.81/0.02777,8.88,8.87,1.13e+03,23.2,18,APO*
(2006 HX30),2015-May-16 15:49 ±,10.86/0.02791,10.86/0.02791,4.55,4.53,1.16e+05,26.2,11,AMO*
33342 (1998 WT24),2015-Dec-11 13:16 ±,10.89/0.02799,10.89/0.02799,8.51,8.50,2.29e+07,17.9,159,ATE*
(2015 FD),2015-Mar-11 02:08 ±,10.94/0.02811,10.92/0.02805,6.84,6.83,778,26.6,7,ATE*
(2015 QG),2015-Aug-13 19:12 ±,10.95/0.02813,10.92/0.02805,13.69,13.69,823,23.8,10,APO*
(2016 BS39),2016-Jan-16 11:32 ±   00:04,10.98/0.02822,10.85/0.02787,10.51,10.50,160,26.2,2,APO*
(2015 XY351),2015-Dec-06 06:08 ±,11.00/0.02826,10.87/0.02794,7.98,7.97,158,26.8,3,APO*
(2016 CV137),2016-Feb-07 17:46 ±,11.00/0.02827,10.90/0.02801,7.85,7.84,188,27.2,2,APO*
(2011 EH17),2016-Mar-01 19:11 ±   03:07,11.05/0.02840,2.81/0.00721,16.71,16.71,1.87e+03,24.6,5,ATE*
(2016 BQ),2016-Feb-07 02:51 ±   00:02,11.11/0.02854,11.07/0.02844,3.85,3.82,459,26.6,5,APO*
(2015 TB),2015-Sep-23 16:29 ±   00:02,11.14/0.02862,11.11/0.02856,3.24,3.21,705,27.4,6,AMO*
(2015 PE312),2015-Aug-18 13:14 ±   01:25,11.15/0.02865,10.55/0.02711,15.22,15.21,43.2,23.4,4,APO*
(2016 CM137),2016-Feb-03 04:26 ±,11.16/0.02866,11.13/0.02860,10.82,10.81,929,25.9,7,APO*
(2015 RT1),2015-Aug-25 04:01 ±   00:01,11.18/0.02872,11.15/0.02865,6.98,6.97,756,25.5,11,ATE*
(2015 XR378),2015-Dec-06 23:09 ±,11.23/0.02887,11.20/0.02878,7.74,7.73,606,25.1,11,APO*
(2016 EF28),2016-Feb-27 14:33 ±   00:01,11.25/0.02891,11.20/0.02877,18.19,18.19,484,21.6,3,APO*
(2015 TU237),2015-Sep-25 11:32 ±   00:48,11.28/0.02898,11.13/0.02861,12.53,12.52,184,24.4,3,APO*
(2015 FP35),2015-Mar-23 15:28 ±,11.30/0.02904,11.26/0.02894,13.64,13.64,642,24.3,3,APO*
(2015 TM21),2015-Oct-09 13:55 ±,11.36/0.02919,11.33/0.02911,11.62,11.61,689,26.1,4,APO*
(2015 MX103),2015-Jun-22 16:45 ±,11.42/0.02934,11.41/0.02931,7.04,7.02,1.79e+03,24.4,4,AMO*
(2015 VF106),2015-Nov-03 22:01 ±   00:01,11.44/0.02940,11.39/0.02926,6.32,6.30,354,27.6,4,APO*
(2015 VR65),2015-Nov-04 04:56 ±,11.48/0.02951,11.43/0.02936,12.75,12.74,429,24.0,10,APO*
(2015 FW284),2015-Apr-01 20:54 ±,11.52/0.02961,11.41/0.02931,14.85,14.84,216,24.7,2,ATE*
(2014 YB35),2015-Mar-27 06:20 ±,11.64/0.02990,11.64/0.02990,10.16,10.15,9.71e+05,19.0,68,APO*
(2000 SM10),2015-Oct-02 16:55 ±,11.70/0.03007,11.70/0.03007,12.91,12.90,2.42e+05,24.1,18,APO*
(2015 FB),2015-Mar-14 16:47 ±,11.71/0.03008,11.69/0.03003,7.31,7.30,1.15e+03,26.2,5,APO*
(2015 TC24),2015-Sep-30 05:05 ±,11.71/0.03008,11.63/0.02987,16.76,16.76,398,24.6,4,APO*
(2015 TD144),2015-Oct-20 17:34 ±,11.73/0.03014,11.65/0.02994,24.61,24.61,393,22.6,12,APO*
(2015 HH),2015-Apr-14 10:25 ±,11.75/0.03019,11.68/0.03002,6.52,6.51,307,26.1,8,APO*
(2015 XO129),2015-Nov-20 06:48 ±   00:05,11.76/0.03021,11.51/0.02958,13.17,13.16,101,25.2,3,APO*
(2015 SJ17),2015-Oct-03 06:18 ±   00:02,11.77/0.03025,11.56/0.02971,6.43,6.42,95.9,27.5,2,APO*
(2015 QB9),2015-Aug-19 01:02 ±,11.81/0.03036,11.77/0.03025,16.84,16.83,647,24.0,8,APO*
(2016 CA194),2016-Feb-12 06:53 ±   00:03,11.87/0.03050,11.69/0.03004,5.83,5.81,112,27.3,3,APO*
(2012 BU61),2016-Jan-02 06:56 ±,11.93/0.03065,11.93/0.03065,24.00,23.99,1.53e+05,21.5,15,APO*
(2011 SE97),2015-Oct-18 13:44 ±,11.95/0.03070,11.95/0.03070,12.88,12.87,3.08e+05,24.7,26,APO*
(2015 TX144),2015-Oct-07 08:22 ±   00:02,12.00/0.03082,11.95/0.03071,4.82,4.80,420,27.7,2,AMO*
(2015 YA1),2015-Dec-05 13:44 ±   00:01,12.02/0.03089,11.95/0.03072,6.55,6.54,1.09e+03,24.5,6,APO*
(2015 KV56),2015-May-20 15:39 ±,12.03/0.03090,11.99/0.03082,6.65,6.63,649,26.8,4,AMO*
(2015 GW),2015-Apr-04 02:01 ±,12.06/0.03100,12.04/0.03093,5.40,5.38,829,25.4,8,APO*
(2016 CF29),2016-Feb-12 13:14 ±,12.11/0.03111,12.08/0.03104,16.52,16.51,901,24.9,7,APO*
(2015 HT9),2015-May-25 20:09 ±,12.14/0.03118,12.13/0.03116,6.13,6.11,2.43e+03,26.1,6,APO*
(2015 HX181),2015-Apr-19 17:32 ±   00:01,12.14/0.03119,12.10/0.03110,13.49,13.48,1.51e+03,23.9,4,APO*
(2016 AB9),2015-Jun-19 06:06 ±   00:04,12.22/0.03139,12.17/0.03126,4.79,4.77,6.48e+03,24.7,6,APO*
(2015 LO21),2015-Jun-08 19:13 ±,12.24/0.03146,12.18/0.03129,17.60,17.59,428,23.4,4,APO*
(2015 WF),2015-Nov-06 05:29 ±,12.28/0.03155,12.19/0.03132,7.21,7.20,241,25.9,6,AMO*
(2016 DF),2016-Feb-18 03:08 ±   00:05,12.29/0.03159,12.25/0.03148,2.49,2.46,467,26.9,5,AMO*
(2010 WD1),2016-Feb-22 18:02 ± 2_18:48,12.31/0.03164,12.05/0.03097,7.17,7.16,103,26.5,7,ATE*
(2015 TC179),2015-Oct-14 20:17 ±   00:01,12.32/0.03165,12.29/0.03158,3.83,3.81,732,26.0,11,AMO*
(2015 XJ1),2015-Nov-18 20:09 ±,12.36/0.03176,12.36/0.03175,9.18,9.17,7.33e+03,23.4,13,APO*
(2015 TP21),2015-Oct-06 00:42 ±,12.36/0.03177,12.33/0.03167,9.80,9.80,624,26.7,5,APO*
(2015 HB177),2015-May-14 15:16 ±,12.40/0.03186,12.36/0.03176,11.72,11.72,712,24.6,7,APO*
(2016 EE27),2016-Feb-19 23:14 ±   00:31,12.42/0.03192,11.79/0.03028,22.22,22.22,66.5,23.9,1,APO*
(2015 VE1),2015-Oct-24 08:06 ±,12.46/0.03202,12.46/0.03202,8.71,8.70,3.67e+04,21.0,40,APO*
(2013 VA10),2016-Feb-08 03:57 ±,12.53/0.03219,12.53/0.03219,25.52,25.52,6.94e+05,22.2,20,APO*
(2015 MN11),2015-Jun-24 23:15 ±,12.53/0.03220,12.50/0.03211,21.93,21.93,834,24.6,6,APO*
(2016 AW193),2015-Dec-25 00:45 ±   00:01,12.54/0.03222,12.50/0.03212,12.29,12.28,3.34e+03,25.1,3,APO*
(2005 VN5),2015-Jul-07 16:44 ±   00:16,12.57/0.03230,12.04/0.03094,6.84,6.83,1.68e+04,27.0,9,ATE*
85990 (1999 JV6),2016-Jan-06 01:09 ±,12.61/0.03241,12.61/0.03241,9.62,9.61,1.18e+07,20.2,202,APO*
(2015 RD),2015-Aug-30 04:16 ±,12.81/0.03290,12.77/0.03282,8.42,8.41,718,25.9,9,AMO*
(2016 AE2),2016-Jan-02 22:41 ±   00:04,12.81/0.03292,12.69/0.03261,6.19,6.18,183,26.4,2,ATE*
(2015 FB345),2015-Mar-27 17:21 ±,12.82/0.03294,12.76/0.03279,15.61,15.60,497,23.6,2,APO*
(2015 VH2),2015-Nov-24 21:28 ±   00:02,12.86/0.03305,12.84/0.03300,2.81,2.78,1.07e+03,27.4,11,AMO*
(2015 LQ21),2015-Jun-18 18:57 ±,12.97/0.03332,12.97/0.03332,7.84,7.83,1.17e+06,24.5,18,AMO*
(2015 TV346),2015-Oct-11 01:57 ±   00:02,13.02/0.03347,12.90/0.03316,5.58,5.56,182,27.3,3,AMO*
(2016 CP195),2016-Feb-15 08:43 ±,13.02/0.03347,12.96/0.03331,13.79,13.78,466,26.4,5,APO*
(2016 DU1),2016-Mar-03 21:08 ±,13.06/0.03355,13.00/0.03340,7.20,7.19,402,26.1,4,APO*
(2016 CY30),2016-Feb-23 18:11 ±,13.10/0.03367,13.04/0.03350,14.29,14.29,440,24.8,9,APO*
(2016 CL29),2016-Feb-01 06:39 ±,13.15/0.03379,13.12/0.03371,13.92,13.91,954,24.6,8,APO*
(2015 VM105),2015-Nov-08 20:28 ±,13.20/0.03391,13.16/0.03381,7.42,7.41,605,26.6,8,APO*
(2015 XE1),2015-Dec-19 02:56 ±,13.21/0.03395,13.20/0.03392,5.09,5.07,1.88e+03,25.7,10,APO*
(2015 HQ9),2015-Mar-31 10:31 ±   00:40,13.21/0.03396,10.08/0.02589,9.90,9.90,7.62,27.0,2,APO*
(2015 FN36),2015-Mar-16 16:13 ±,13.24/0.03403,13.23/0.03400,22.80,22.80,9.14e+03,24.0,11,APO*
(2015 TG144),2015-Oct-16 08:59 ±,13.29/0.03415,13.20/0.03392,8.06,8.05,267,25.6,3,APO*
(2015 TL238),2015-Oct-27 09:35 ±,13.32/0.03422,13.28/0.03411,12.88,12.87,667,24.9,11,APO*
(2016 EH55),2016-Feb-24 19:07 ±   00:28,13.32/0.03423,12.62/0.03242,13.63,13.63,49.4,25.0,1,APO*
(2016 BR),2016-Jan-07 16:24 ±   00:01,13.42/0.03448,13.31/0.03420,7.74,7.73,423,25.6,3,APO*
(2015 YT1),2015-Dec-31 04:34 ±   00:02,13.52/0.03475,13.26/0.03407,6.06,6.04,87.1,27.0,5,APO*
(2015 CW13),2015-Apr-03 15:58 ±,13.53/0.03476,13.53/0.03476,5.75,5.74,7.28e+05,22.9,30,APO*
(2015 GY12),2015-Apr-19 16:00 ±,13.66/0.03510,13.60/0.03494,12.39,12.39,462,25.6,10,APO*
(2016 AD166),2016-Jan-08 10:31 ±,13.70/0.03521,13.68/0.03516,15.00,15.00,1.68e+03,23.6,5,APO*
(2015 QB),2015-Aug-02 18:08 ±,13.72/0.03524,13.68/0.03515,5.30,5.29,603,24.2,12,AMO*
(2016 BW),2016-Jan-12 20:33 ±,13.75/0.03534,13.65/0.03507,9.97,9.96,246,26.1,3,APO*
(2015 VZ2),2015-Nov-08 02:52 ±,13.77/0.03538,13.75/0.03533,10.76,10.75,1.51e+03,22.7,17,ATE*
(2015 FX33),2015-Mar-26 18:47 ±,13.78/0.03542,13.75/0.03533,5.53,5.52,614,25.7,5,AMO*
459872 (2014 EK24),2016-Feb-14 11:23 ±,13.84/0.03557,13.84/0.03557,3.15,3.13,4.38e+05,23.3,77,APO*
(2015 XZ168),2015-Dec-05 17:21 ±,13.87/0.03563,13.83/0.03554,12.82,12.82,816,24.6,10,APO*
(2015 ON22),2015-Jun-19 00:49 ±   00:19,13.87/0.03565,13.78/0.03540,2.11,2.08,269,26.7,4,AMO*
(2015 VD2),2015-Oct-23 02:06 ±,14.01/0.03599,14.00/0.03598,19.98,19.97,1.02e+04,24.6,11,APO*
(2014 QD364),2016-Feb-07 19:38 ±   00:20,14.03/0.03605,14.02/0.03603,2.55,2.52,9.14e+03,27.2,7,ATE*
(2016 CL195),2016-Jan-30 12:40 ±   00:02,14.04/0.03608,13.95/0.03585,17.75,17.75,376,23.8,3,APO*
(2015 LY13),2015-Jun-07 16:16 ±,14.05/0.03610,13.95/0.03586,14.72,14.72,329,24.1,4,APO*
(2016 DW1),2016-Mar-03 13:36 ±,14.16/0.03639,14.14/0.03632,8.99,8.99,1.06e+03,25.8,5,APO*
(2015 YO10),2015-Dec-16 18:31 ±   00:33,14.17/0.03642,14.09/0.03621,1.61,1.57,268,26.8,4,APO*
(2005 EG169),2015-Sep-03 19:41 ±,14.20/0.03650,14.20/0.03649,14.78,14.77,1.34e+05,24.9,9,APO*
(2015 KV157),2015-May-28 09:23 ±   00:06,14.23/0.03655,13.67/0.03512,10.13,10.13,40.8,26.0,2,APO*
(2015 KX56),2015-May-14 08:20 ±,14.30/0.03674,14.25/0.03661,7.87,7.86,517,25.8,4,AMO*
(2015 KG),2015-May-18 04:52 ±,14.33/0.03682,14.31/0.03676,5.18,5.17,937,26.9,5,AMO*
(2015 UG51),2015-Oct-06 21:34 ±,14.35/0.03686,14.30/0.03674,6.64,6.63,560,25.8,9,APO*
(2015 KH),2015-May-29 13:18 ±,14.35/0.03687,14.31/0.03676,9.80,9.79,689,24.5,7,APO*
(2015 SO2),2015-Sep-30 18:21 ±,14.36/0.03689,14.31/0.03677,5.93,5.91,524,23.9,13,ATE*
(2015 HB9),2015-Apr-11 16:10 ±,14.40/0.03701,14.34/0.03684,10.54,10.53,417,24.8,7,APO*
(2015 XY169),2015-Dec-07 09:41 ±,14.50/0.03725,14.42/0.03706,6.28,6.27,336,25.2,4,APO*
(2016 DP2),2016-Feb-20 08:29 ±,14.53/0.03734,14.43/0.03709,7.05,7.04,259,25.9,4,ATE*
(2015 RF36),2015-Sep-30 11:13 ±,14.56/0.03742,14.56/0.03740,4.33,4.31,3.13e+03,23.4,35,ATE*
(2015 QA9),2015-Aug-20 05:24 ±,14.65/0.03764,14.62/0.03757,7.54,7.53,897,25.2,8,AMO*
(2015 SR),2015-Oct-03 01:00 ±   00:01,14.69/0.03774,14.61/0.03754,11.68,11.67,378,24.5,6,APO*
(2015 RU36),2015-Sep-26 06:50 ±,14.70/0.03778,14.54/0.03737,12.38,12.37,188,25.5,4,APO*
(2015 SU),2015-Sep-23 09:45 ±,14.76/0.03792,14.72/0.03781,8.92,8.91,630,25.4,11,AMO*
(2016 CT29),2016-Jan-21 02:44 ±   00:34,14.92/0.03834,14.74/0.03788,12.58,12.57,181,24.5,2,APO*
(2015 YS),2015-Dec-24 02:22 ±   00:03,14.99/0.03853,14.76/0.03793,7.35,7.34,114,25.8,3,APO*
(2015 SP2),2015-Sep-20 03:26 ±,15.01/0.03858,14.84/0.03812,11.42,11.41,170,25.1,3,AMO*
(2015 KO57),2015-May-13 05:36 ±,15.03/0.03861,15.01/0.03856,21.74,21.73,7.71e+03,23.0,7,APO*
(2016 AV164),2016-Jan-04 19:26 ±,15.05/0.03868,15.04/0.03863,7.63,7.63,1.66e+03,25.0,11,APO*
(2015 ND3),2015-Jul-03 20:37 ±,15.12/0.03884,15.11/0.03883,9.11,9.10,7.07e+03,26.0,11,APO*
(2015 JG2),2015-May-01 02:08 ±   00:01,15.20/0.03905,15.12/0.03886,18.40,18.40,935,23.3,5,APO*
(2015 TM238),2015-Oct-07 03:55 ±,15.24/0.03916,15.22/0.03912,11.13,11.12,1.67e+03,23.5,15,APO*
(2015 VV142),2015-Nov-20 10:35 ±,15.28/0.03927,15.16/0.03895,8.40,8.39,224,26.9,4,APO*
(2009 WB105),2015-Nov-25 18:03 ±,15.31/0.03935,15.31/0.03935,18.88,18.87,1.34e+05,23.5,12,ATE*
(2015 JW),2015-May-26 22:37 ±,15.37/0.03948,15.33/0.03938,6.43,6.42,662,25.8,12,AMO*
(2016 CK29),2016-Feb-03 01:45 ±,15.45/0.03969,15.41/0.03960,7.40,7.39,850,25.6,10,APO*
(2010 SX11),2015-Oct-09 06:53 ±   14:55,15.45/0.03969,10.00/0.02570,7.73,7.72,1.44e+05,24.8,11,APO*
(2015 KQ18),2015-May-25 05:45 ±,15.51/0.03985,15.45/0.03971,11.43,11.43,578,25.4,4,ATE*
(2015 KP122),2015-May-26 19:42 ±,15.56/0.03997,15.45/0.03969,10.49,10.48,279,26.5,7,AMO*
(2015 EF7),2015-Mar-23 20:10 ±,15.61/0.04011,15.61/0.04010,5.18,5.17,2.01e+04,24.4,9,APO*
(2015 SU16),2015-Oct-01 11:12 ±,15.62/0.04014,15.58/0.04002,9.59,9.58,632,25.0,9,AMO*
(2015 VM142),2015-Nov-10 22:27 ±,15.64/0.04019,15.58/0.04003,13.69,13.69,548,24.5,6,APO*
(2015 XZ1),2015-Dec-10 06:43 ±,15.66/0.04024,15.62/0.04013,11.43,11.43,735,25.2,10,APO*
(2016 CO29),2016-Feb-20 13:40 ±,15.71/0.04036,15.69/0.04033,6.74,6.73,1.86e+03,24.9,9,APO*
(2015 WW1),2015-Nov-15 20:06 ±,15.74/0.04045,15.68/0.04030,8.64,8.63,479,24.9,11,APO*
(2016 DJ),2016-Feb-08 00:05 ±   00:01,15.80/0.04061,15.76/0.04049,4.27,4.25,551,25.6,11,APO*
(2015 QW8),2015-Jul-21 19:45 ±   00:08,15.82/0.04064,15.78/0.04054,10.23,10.22,1.04e+03,23.3,8,APO*
(2011 YE40),2015-Dec-31 12:13 ±   19:19,15.82/0.04066,8.42/0.02163,12.73,12.72,2.66e+04,25.2,4,APO*
(2015 VG66),2015-Nov-28 22:37 ±,15.86/0.04076,15.81/0.04063,18.49,18.48,740,23.1,20,APO*
(2016 CO246),2016-Feb-23 05:25 ±,16.25/0.04176,16.19/0.04160,5.58,5.57,412,25.5,5,APO*
410777 (2009 FD),2015-Oct-29 10:15 ±,16.30/0.04189,16.30/0.04189,16.92,16.92,3.96e+07,22.1,85,APO*
(2016 AH9),2015-Dec-20 23:27 ±   00:02,16.31/0.04192,16.05/0.04123,13.82,13.82,551,25.1,3,APO*
(2016 CB138),2016-Mar-02 15:42 ±,16.31/0.04192,16.26/0.04179,6.05,6.04,565,23.6,15,AMO*

